uf,municipio,municipality_label,total_occurrences,severe_occurrences,non_severe_occurrences,severe_rate_percent,dataset_share_percent
AC,ACRELANDIA,ACRELANDIA - AC,35,18,17,51.428571,0.010215
AC,ASSIS BRASIL,ASSIS BRASIL - AC,6,4,2,66.666667,0.001751
AC,BRASILEIA,BRASILEIA - AC,32,17,15,53.125,0.00934
AC,BUJARI,BUJARI - AC,52,19,33,36.538462,0.015177
AC,CAPIXABA,CAPIXABA - AC,41,15,26,36.585366,0.011966
AC,CRUZEIRO DO SUL,CRUZEIRO DO SUL - AC,11,4,7,36.363636,0.003211
AC,EPITACIOLANDIA,EPITACIOLANDIA - AC,43,18,25,41.860465,0.01255
AC,FEIJO,FEIJO - AC,11,4,7,36.363636,0.003211
AC,MANOEL URBANO,MANOEL URBANO - AC,9,5,4,55.555556,0.002627
AC,PLACIDO DE CASTRO,PLACIDO DE CASTRO - AC,12,7,5,58.333333,0.003502
AC,PORTO ACRE,PORTO ACRE - AC,9,7,2,77.777778,0.002627
AC,RIO BRANCO,RIO BRANCO - AC,805,215,590,26.708075,0.234951
AC,SENA MADUREIRA,SENA MADUREIRA - AC,68,28,40,41.176471,0.019847
AC,SENADOR GUIOMARD,SENADOR GUIOMARD - AC,99,43,56,43.434343,0.028895
AC,TARAUACA,TARAUACA - AC,4,3,1,75.0,0.001167
AC,XAPURI,XAPURI - AC,35,13,22,37.142857,0.010215
AL,AGUA BRANCA,AGUA BRANCA - AL,39,19,20,48.717949,0.011383
AL,ARAPIRACA,ARAPIRACA - AL,1,0,1,0.0,0.000292
AL,ATALAIA,ATALAIA - AL,165,78,87,47.272727,0.048158
AL,BELEM,BELEM - AL,22,14,8,63.636364,0.006421
AL,BOCA DA MATA,BOCA DA MATA - AL,2,1,1,50.0,0.000584
AL,BRANQUINHA,BRANQUINHA - AL,46,16,30,34.782609,0.013426
AL,CACIMBINHAS,CACIMBINHAS - AL,36,15,21,41.666667,0.010507
AL,CAMPO ALEGRE,CAMPO ALEGRE - AL,29,11,18,37.931034,0.008464
AL,CANAPI,CANAPI - AL,64,34,30,53.125,0.018679
AL,COLONIA LEOPOLDINA,COLONIA LEOPOLDINA - AL,19,16,3,84.210526,0.005545
AL,COQUEIRO SECO,COQUEIRO SECO - AL,9,6,3,66.666667,0.002627
AL,DELMIRO GOUVEIA,DELMIRO GOUVEIA - AL,83,39,44,46.987952,0.024225
AL,DOIS RIACHOS,DOIS RIACHOS - AL,32,24,8,75.0,0.00934
AL,ESTRELA DE ALAGOAS,ESTRELA DE ALAGOAS - AL,33,23,10,69.69697,0.009632
AL,FLEXEIRAS,FLEXEIRAS - AL,124,16,108,12.903226,0.036191
AL,IBATEGUARA,IBATEGUARA - AL,12,10,2,83.333333,0.003502
AL,IGACI,IGACI - AL,2,1,1,50.0,0.000584
AL,IGREJA NOVA,IGREJA NOVA - AL,6,1,5,16.666667,0.001751
AL,INHAPI,INHAPI - AL,27,18,9,66.666667,0.00788
AL,JEQUIA DA PRAIA,JEQUIA DA PRAIA - AL,46,16,30,34.782609,0.013426
AL,JOAQUIM GOMES,JOAQUIM GOMES - AL,70,22,48,31.428571,0.020431
AL,JUNQUEIRO,JUNQUEIRO - AL,115,48,67,41.73913,0.033564
AL,MACEIO,MACEIO - AL,11,3,8,27.272727,0.003211
AL,MARAVILHA,MARAVILHA - AL,10,3,7,30.0,0.002919
AL,MARECHAL DEODORO,MARECHAL DEODORO - AL,56,21,35,37.5,0.016344
AL,MARIBONDO,MARIBONDO - AL,49,18,31,36.734694,0.014301
AL,MATA GRANDE,MATA GRANDE - AL,6,6,0,100.0,0.001751
AL,MATRIZ DE CAMARAGIBE,MATRIZ DE CAMARAGIBE - AL,3,1,2,33.333333,0.000876
AL,MESSIAS,MESSIAS - AL,130,30,100,23.076923,0.037942
AL,MINADOR DO NEGRAO,MINADOR DO NEGRAO - AL,12,2,10,16.666667,0.003502
AL,MURICI,MURICI - AL,80,33,47,41.25,0.023349
AL,NOVO LINO,NOVO LINO - AL,63,19,44,30.15873,0.018388
AL,OLHO DAGUA GRANDE,OLHO DAGUA GRANDE - AL,7,2,5,28.571429,0.002043
AL,OURO BRANCO,OURO BRANCO - AL,27,14,13,51.851852,0.00788
AL,PALMEIRA DOS INDIOS,PALMEIRA DOS INDIOS - AL,152,70,82,46.052632,0.044364
AL,PILAR,PILAR - AL,216,86,130,39.814815,0.063043
AL,POCO DAS TRINCHEIRAS,POCO DAS TRINCHEIRAS - AL,25,13,12,52.0,0.007297
AL,PORTO REAL DO COLEGIO,PORTO REAL DO COLEGIO - AL,88,24,64,27.272727,0.025684
AL,RIO LARGO,RIO LARGO - AL,349,119,230,34.097421,0.101861
AL,SANTA LUZIA DO NORTE,SANTA LUZIA DO NORTE - AL,2,1,1,50.0,0.000584
AL,SANTANA DO IPANEMA,SANTANA DO IPANEMA - AL,91,35,56,38.461538,0.02656
AL,SAO BRAS,SAO BRAS - AL,11,3,8,27.272727,0.003211
AL,SAO JOSE DA LAJE,SAO JOSE DA LAJE - AL,67,34,33,50.746269,0.019555
AL,SAO MIGUEL DOS CAMPOS,SAO MIGUEL DOS CAMPOS - AL,196,51,145,26.020408,0.057206
AL,SAO SEBASTIAO,SAO SEBASTIAO - AL,92,40,52,43.478261,0.026852
AL,SATUBA,SATUBA - AL,150,57,93,38.0,0.04378
AL,TANQUE DARCA,TANQUE DARCA - AL,13,6,7,46.153846,0.003794
AL,TAQUARANA,TAQUARANA - AL,1,0,1,0.0,0.000292
AL,TEOTONIO VILELA,TEOTONIO VILELA - AL,103,42,61,40.776699,0.030062
AL,UNIAO DOS PALMARES,UNIAO DOS PALMARES - AL,143,64,79,44.755245,0.041737
AL,VICOSA,VICOSA - AL,1,0,1,0.0,0.000292
AM,APUI,APUI - AM,2,1,1,50.0,0.000584
AM,BERURI,BERURI - AM,9,2,7,22.222222,0.002627
AM,BOCA DO ACRE,BOCA DO ACRE - AM,5,1,4,20.0,0.001459
AM,BORBA,BORBA - AM,4,1,3,25.0,0.001167
AM,CANUTAMA,CANUTAMA - AM,39,24,15,61.538462,0.011383
AM,CAREIRO,CAREIRO - AM,24,10,14,41.666667,0.007005
AM,CAREIRO DA VARZEA,CAREIRO DA VARZEA - AM,17,5,12,29.411765,0.004962
AM,HUMAITA,HUMAITA - AM,130,38,92,29.230769,0.037942
AM,LABREA,LABREA - AM,2,2,0,100.0,0.000584
AM,MANAQUIRI,MANAQUIRI - AM,3,0,3,0.0,0.000876
AM,MANAUS,MANAUS - AM,240,78,162,32.5,0.070048
AM,MANICORE,MANICORE - AM,6,1,5,16.666667,0.001751
AM,NOVO ARIPUANA,NOVO ARIPUANA - AM,3,1,2,33.333333,0.000876
AM,PRESIDENTE FIGUEIREDO,PRESIDENTE FIGUEIREDO - AM,119,29,90,24.369748,0.034732
AM,RIO PRETO DA EVA,RIO PRETO DA EVA - AM,4,2,2,50.0,0.001167
AM,TAPAUA,TAPAUA - AM,12,7,5,58.333333,0.003502
AP,AMAPA,AMAPA - AP,8,5,3,62.5,0.002335
AP,CALCOENE,CALCOENE - AP,21,14,7,66.666667,0.006129
AP,FERREIRA GOMES,FERREIRA GOMES - AP,38,14,24,36.842105,0.011091
AP,LARANJAL DO JARI,LARANJAL DO JARI - AP,6,1,5,16.666667,0.001751
AP,MACAPA,MACAPA - AP,453,120,333,26.490066,0.132215
AP,MAZAGAO,MAZAGAO - AP,17,10,7,58.823529,0.004962
AP,OIAPOQUE,OIAPOQUE - AP,103,32,71,31.067961,0.030062
AP,PEDRA BRANCA DO AMAPARI,PEDRA BRANCA DO AMAPARI - AP,9,6,3,66.666667,0.002627
AP,PORTO GRANDE,PORTO GRANDE - AP,110,43,67,39.090909,0.032105
AP,PRACUUBA,PRACUUBA - AP,6,3,3,50.0,0.001751
AP,SANTANA,SANTANA - AP,3,1,2,33.333333,0.000876
AP,SERRA DO NAVIO,SERRA DO NAVIO - AP,1,1,0,100.0,0.000292
AP,TARTARUGALZINHO,TARTARUGALZINHO - AP,47,17,30,36.170213,0.013718
BA,ABARE,ABARE - BA,45,18,27,40.0,0.013134
BA,ALAGOINHAS,ALAGOINHAS - BA,331,121,210,36.555891,0.096607
BA,ALCOBACA,ALCOBACA - BA,6,2,4,33.333333,0.001751
BA,AMARGOSA,AMARGOSA - BA,1,1,0,100.0,0.000292
BA,AMELIA RODRIGUES,AMELIA RODRIGUES - BA,352,68,284,19.318182,0.102737
BA,ANDARAI,ANDARAI - BA,8,2,6,25.0,0.002335
BA,ANGICAL,ANGICAL - BA,4,1,3,25.0,0.001167
BA,ANTAS,ANTAS - BA,34,14,20,41.176471,0.009923
BA,ANTONIO CARDOSO,ANTONIO CARDOSO - BA,63,24,39,38.095238,0.018388
BA,ARACI,ARACI - BA,54,30,24,55.555556,0.015761
BA,ARAMARI,ARAMARI - BA,8,3,5,37.5,0.002335
BA,ARATACA,ARATACA - BA,56,18,38,32.142857,0.016344
BA,AURELINO LEAL,AURELINO LEAL - BA,40,13,27,32.5,0.011675
BA,BAIANOPOLIS,BAIANOPOLIS - BA,1,0,1,0.0,0.000292
BA,BARRA DO ROCHA,BARRA DO ROCHA - BA,11,5,6,45.454545,0.003211
BA,BARREIRAS,BARREIRAS - BA,500,236,264,47.2,0.145933
BA,BARRO PRETO,BARRO PRETO - BA,5,0,5,0.0,0.001459
BA,BELMONTE,BELMONTE - BA,6,1,5,16.666667,0.001751
BA,BOA NOVA,BOA NOVA - BA,67,26,41,38.80597,0.019555
BA,BOA VISTA DO TUPIM,BOA VISTA DO TUPIM - BA,40,12,28,30.0,0.011675
BA,BOM JESUS DA LAPA,BOM JESUS DA LAPA - BA,2,2,0,100.0,0.000584
BA,BREJOES,BREJOES - BA,75,21,54,28.0,0.02189
BA,BROTAS DE MACAUBAS,BROTAS DE MACAUBAS - BA,3,3,0,100.0,0.000876
BA,BRUMADO,BRUMADO - BA,33,17,16,51.515152,0.009632
BA,BUERAREMA,BUERAREMA - BA,48,17,31,35.416667,0.01401
BA,CACHOEIRA,CACHOEIRA - BA,26,7,19,26.923077,0.007588
BA,CAEM,CAEM - BA,13,10,3,76.923077,0.003794
BA,CAETITE,CAETITE - BA,32,7,25,21.875,0.00934
BA,CALDEIRAO GRANDE,CALDEIRAO GRANDE - BA,10,8,2,80.0,0.002919
BA,CAMACAN,CAMACAN - BA,55,21,34,38.181818,0.016053
BA,CAMAMU,CAMAMU - BA,2,1,1,50.0,0.000584
BA,CANDEAL,CANDEAL - BA,12,9,3,75.0,0.003502
BA,CANDEIAS,CANDEIAS - BA,342,52,290,15.204678,0.099818
BA,CANDIDO SALES,CANDIDO SALES - BA,96,46,50,47.916667,0.028019
BA,CANUDOS,CANUDOS - BA,73,35,38,47.945205,0.021306
BA,CAPIM GROSSO,CAPIM GROSSO - BA,152,83,69,54.605263,0.044364
BA,CARAVELAS,CARAVELAS - BA,107,43,64,40.186916,0.03123
BA,CASA NOVA,CASA NOVA - BA,15,10,5,66.666667,0.004378
BA,CATOLANDIA,CATOLANDIA - BA,8,3,5,37.5,0.002335
BA,CATU,CATU - BA,140,50,90,35.714286,0.040861
BA,CHORROCHO,CHORROCHO - BA,36,16,20,44.444444,0.010507
BA,CICERO DANTAS,CICERO DANTAS - BA,49,23,26,46.938776,0.014301
BA,CIPO,CIPO - BA,33,18,15,54.545455,0.009632
BA,COCOS,COCOS - BA,1,1,0,100.0,0.000292
BA,CONCEICAO DA FEIRA,CONCEICAO DA FEIRA - BA,64,12,52,18.75,0.018679
BA,CONCEICAO DO ALMEIDA,CONCEICAO DO ALMEIDA - BA,117,36,81,30.769231,0.034148
BA,CONCEICAO DO JACUIPE,CONCEICAO DO JACUIPE - BA,153,30,123,19.607843,0.044655
BA,CORACAO DE MARIA,CORACAO DE MARIA - BA,4,1,3,25.0,0.001167
BA,CORONEL JOAO SA,CORONEL JOAO SA - BA,8,4,4,50.0,0.002335
BA,CORRENTINA,CORRENTINA - BA,148,80,68,54.054054,0.043196
BA,CRISTOPOLIS,CRISTOPOLIS - BA,95,34,61,35.789474,0.027727
BA,CRUZ DAS ALMAS,CRUZ DAS ALMAS - BA,82,36,46,43.902439,0.023933
BA,CURACA,CURACA - BA,7,3,4,42.857143,0.002043
BA,DARIO MEIRA,DARIO MEIRA - BA,1,1,0,100.0,0.000292
BA,DOM MACEDO COSTA,DOM MACEDO COSTA - BA,1,0,1,0.0,0.000292
BA,ENCRUZILHADA,ENCRUZILHADA - BA,79,29,50,36.708861,0.023057
BA,ENTRE RIOS,ENTRE RIOS - BA,99,26,73,26.262626,0.028895
BA,ESPLANADA,ESPLANADA - BA,95,36,59,37.894737,0.027727
BA,EUCLIDES DA CUNHA,EUCLIDES DA CUNHA - BA,54,28,26,51.851852,0.015761
BA,EUNAPOLIS,EUNAPOLIS - BA,550,183,367,33.272727,0.160526
BA,FEIRA DE SANTANA,FEIRA DE SANTANA - BA,1730,477,1253,27.572254,0.504927
BA,FILADELFIA,FILADELFIA - BA,39,20,19,51.282051,0.011383
BA,FORMOSA DO RIO PRETO,FORMOSA DO RIO PRETO - BA,41,22,19,53.658537,0.011966
BA,GANDU,GANDU - BA,95,42,53,44.210526,0.027727
BA,GAVIAO,GAVIAO - BA,31,15,16,48.387097,0.009048
BA,GOVERNADOR MANGABEIRA,GOVERNADOR MANGABEIRA - BA,63,25,38,39.68254,0.018388
BA,GUANAMBI,GUANAMBI - BA,18,13,5,72.222222,0.005254
BA,IACU,IACU - BA,1,0,1,0.0,0.000292
BA,IBIQUERA,IBIQUERA - BA,17,5,12,29.411765,0.004962
BA,IBIRAPITANGA,IBIRAPITANGA - BA,142,61,81,42.957746,0.041445
BA,IBIRAPUA,IBIRAPUA - BA,39,22,17,56.410256,0.011383
BA,IBITIARA,IBITIARA - BA,58,29,29,50.0,0.016928
BA,IBOTIRAMA,IBOTIRAMA - BA,45,21,24,46.666667,0.013134
BA,IGAPORA,IGAPORA - BA,5,2,3,40.0,0.001459
BA,ILHEUS,ILHEUS - BA,158,49,109,31.012658,0.046115
BA,INHAMBUPE,INHAMBUPE - BA,90,39,51,43.333333,0.026268
BA,IPIAU,IPIAU - BA,40,23,17,57.5,0.011675
BA,IPIRA,IPIRA - BA,1,1,0,100.0,0.000292
BA,IRAJUBA,IRAJUBA - BA,90,19,71,21.111111,0.026268
BA,ITABELA,ITABELA - BA,193,81,112,41.968912,0.05633
BA,ITABERABA,ITABERABA - BA,113,42,71,37.168142,0.032981
BA,ITABUNA,ITABUNA - BA,381,124,257,32.545932,0.111201
BA,ITACARE,ITACARE - BA,12,8,4,66.666667,0.003502
BA,ITAGIMIRIM,ITAGIMIRIM - BA,70,39,31,55.714286,0.020431
BA,ITAJUIPE,ITAJUIPE - BA,31,5,26,16.129032,0.009048
BA,ITAMARAJU,ITAMARAJU - BA,187,74,113,39.572193,0.054579
BA,ITAPE,ITAPE - BA,7,2,5,28.571429,0.002043
BA,ITAPEBI,ITAPEBI - BA,99,33,66,33.333333,0.028895
BA,ITAQUARA,ITAQUARA - BA,10,7,3,70.0,0.002919
BA,ITATIM,ITATIM - BA,127,38,89,29.92126,0.037067
BA,JACOBINA,JACOBINA - BA,66,37,29,56.060606,0.019263
BA,JAGUAQUARA,JAGUAQUARA - BA,207,81,126,39.130435,0.060416
BA,JAGUARARI,JAGUARARI - BA,116,52,64,44.827586,0.033856
BA,JAGUARIPE,JAGUARIPE - BA,1,0,1,0.0,0.000292
BA,JANDAIRA,JANDAIRA - BA,1,0,1,0.0,0.000292
BA,JEQUIE,JEQUIE - BA,385,122,263,31.688312,0.112368
BA,JEREMOABO,JEREMOABO - BA,94,56,38,59.574468,0.027435
BA,JIQUIRICA,JIQUIRICA - BA,7,5,2,71.428571,0.002043
BA,JITAUNA,JITAUNA - BA,50,28,22,56.0,0.014593
BA,JUAZEIRO,JUAZEIRO - BA,432,149,283,34.490741,0.126086
BA,JUSSARI,JUSSARI - BA,3,1,2,33.333333,0.000876
BA,LAGOA REAL,LAGOA REAL - BA,3,2,1,66.666667,0.000876
BA,LAJE,LAJE - BA,103,44,59,42.718447,0.030062
BA,LAJEDINHO,LAJEDINHO - BA,51,19,32,37.254902,0.014885
BA,LAMARAO,LAMARAO - BA,15,4,11,26.666667,0.004378
BA,LENCOIS,LENCOIS - BA,100,25,75,25.0,0.029187
BA,LUIS EDUARDO MAGALHAES,LUIS EDUARDO MAGALHAES - BA,110,58,52,52.727273,0.032105
BA,MACURURE,MACURURE - BA,5,2,3,40.0,0.001459
BA,MALHADA DE PEDRAS,MALHADA DE PEDRAS - BA,4,2,2,50.0,0.001167
BA,MANOEL VITORINO,MANOEL VITORINO - BA,62,19,43,30.645161,0.018096
BA,MARAU,MARAU - BA,51,27,24,52.941176,0.014885
BA,MASCOTE,MASCOTE - BA,82,35,47,42.682927,0.023933
BA,MILAGRES,MILAGRES - BA,75,23,52,30.666667,0.02189
BA,MUCURI,MUCURI - BA,122,42,80,34.42623,0.035608
BA,MUQUEM DE SAO FRANCISCO,MUQUEM DE SAO FRANCISCO - BA,131,58,73,44.274809,0.038234
BA,MURITIBA,MURITIBA - BA,42,11,31,26.190476,0.012258
BA,MUTUIPE,MUTUIPE - BA,22,17,5,77.272727,0.006421
BA,NAZARE,NAZARE - BA,1,0,1,0.0,0.000292
BA,NOVA FATIMA,NOVA FATIMA - BA,48,21,27,43.75,0.01401
BA,NOVA ITARANA,NOVA ITARANA - BA,81,24,57,29.62963,0.023641
BA,NOVA SOURE,NOVA SOURE - BA,37,24,13,64.864865,0.010799
BA,NOVA VICOSA,NOVA VICOSA - BA,215,118,97,54.883721,0.062751
BA,OLINDINA,OLINDINA - BA,37,26,11,70.27027,0.010799
BA,OLIVEIRA DOS BREJINHOS,OLIVEIRA DOS BREJINHOS - BA,99,37,62,37.373737,0.028895
BA,OUROLANDIA,OUROLANDIA - BA,8,5,3,62.5,0.002335
BA,PALMAS DE MONTE ALTO,PALMAS DE MONTE ALTO - BA,1,0,1,0.0,0.000292
BA,PALMEIRAS,PALMEIRAS - BA,68,17,51,25.0,0.019847
BA,PAULO AFONSO,PAULO AFONSO - BA,95,34,61,35.789474,0.027727
BA,PEDRAO,PEDRAO - BA,3,1,2,33.333333,0.000876
BA,PEDRO ALEXANDRE,PEDRO ALEXANDRE - BA,14,9,5,64.285714,0.004086
BA,PLANALTO,PLANALTO - BA,142,55,87,38.732394,0.041445
BA,POCOES,POCOES - BA,137,56,81,40.875912,0.039986
BA,POJUCA,POJUCA - BA,4,1,3,25.0,0.001167
BA,PONTO NOVO,PONTO NOVO - BA,44,22,22,50.0,0.012842
BA,PORTO SEGURO,PORTO SEGURO - BA,381,148,233,38.845144,0.111201
BA,PRADO,PRADO - BA,34,14,20,41.176471,0.009923
BA,PRESIDENTE TANCREDO NEVES,PRESIDENTE TANCREDO NEVES - BA,64,41,23,64.0625,0.018679
BA,QUIJINGUE,QUIJINGUE - BA,23,8,15,34.782609,0.006713
BA,QUIXABEIRA,QUIXABEIRA - BA,12,9,3,75.0,0.003502
BA,RAFAEL JAMBEIRO,RAFAEL JAMBEIRO - BA,112,39,73,34.821429,0.032689
BA,REMANSO,REMANSO - BA,3,3,0,100.0,0.000876
BA,RIACHAO DAS NEVES,RIACHAO DAS NEVES - BA,89,40,49,44.94382,0.025976
BA,RIACHAO DO JACUIPE,RIACHAO DO JACUIPE - BA,91,51,40,56.043956,0.02656
BA,RIBEIRA DO AMPARO,RIBEIRA DO AMPARO - BA,12,4,8,33.333333,0.003502
BA,RIBEIRA DO POMBAL,RIBEIRA DO POMBAL - BA,207,101,106,48.792271,0.060416
BA,RIO DO ANTONIO,RIO DO ANTONIO - BA,11,7,4,63.636364,0.003211
BA,RIO REAL,RIO REAL - BA,71,26,45,36.619718,0.020722
BA,RUY BARBOSA,RUY BARBOSA - BA,13,7,6,53.846154,0.003794
BA,SALVADOR,SALVADOR - BA,1159,146,1013,12.597066,0.338272
BA,SANTA BARBARA,SANTA BARBARA - BA,120,54,66,45.0,0.035024
BA,SANTA BRIGIDA,SANTA BRIGIDA - BA,19,12,7,63.157895,0.005545
BA,SANTA CRUZ CABRALIA,SANTA CRUZ CABRALIA - BA,5,2,3,40.0,0.001459
BA,SANTA INES,SANTA INES - BA,12,7,5,58.333333,0.003502
BA,SANTA MARIA DA VITORIA,SANTA MARIA DA VITORIA - BA,6,4,2,66.666667,0.001751
BA,SANTA RITA DE CASSIA,SANTA RITA DE CASSIA - BA,2,1,1,50.0,0.000584
BA,SANTA TERESINHA,SANTA TERESINHA - BA,72,28,44,38.888889,0.021014
BA,SANTANA,SANTANA - BA,1,0,1,0.0,0.000292
BA,SANTO AMARO,SANTO AMARO - BA,14,1,13,7.142857,0.004086
BA,SANTO ANTONIO DE JESUS,SANTO ANTONIO DE JESUS - BA,215,60,155,27.906977,0.062751
BA,SANTO ESTEVAO,SANTO ESTEVAO - BA,150,62,88,41.333333,0.04378
BA,SAO DESIDERIO,SAO DESIDERIO - BA,147,76,71,51.70068,0.042904
BA,SAO FELIX,SAO FELIX - BA,1,0,1,0.0,0.000292
BA,SAO FELIX DO CORIBE,SAO FELIX DO CORIBE - BA,5,1,4,20.0,0.001459
BA,SAO GONCALO DOS CAMPOS,SAO GONCALO DOS CAMPOS - BA,58,19,39,32.758621,0.016928
BA,SAO JOSE DA VITORIA,SAO JOSE DA VITORIA - BA,76,33,43,43.421053,0.022182
BA,SAO JOSE DO JACUIPE,SAO JOSE DO JACUIPE - BA,22,14,8,63.636364,0.006421
BA,SAO MIGUEL DAS MATAS,SAO MIGUEL DAS MATAS - BA,3,1,2,33.333333,0.000876
BA,SAO SEBASTIAO DO PASSE,SAO SEBASTIAO DO PASSE - BA,344,56,288,16.27907,0.100402
BA,SAPEACU,SAPEACU - BA,62,24,38,38.709677,0.018096
BA,SEABRA,SEABRA - BA,189,79,110,41.798942,0.055163
BA,SENHOR DO BONFIM,SENHOR DO BONFIM - BA,131,48,83,36.641221,0.038234
BA,SERRA DO RAMALHO,SERRA DO RAMALHO - BA,4,1,3,25.0,0.001167
BA,SERRINHA,SERRINHA - BA,111,48,63,43.243243,0.032397
BA,SIMOES FILHO,SIMOES FILHO - BA,448,68,380,15.178571,0.130756
BA,SITIO DO QUINTO,SITIO DO QUINTO - BA,5,1,4,20.0,0.001459
BA,TANHACU,TANHACU - BA,4,1,3,25.0,0.001167
BA,TANQUINHO,TANQUINHO - BA,43,18,25,41.860465,0.01255
BA,TEIXEIRA DE FREITAS,TEIXEIRA DE FREITAS - BA,316,106,210,33.544304,0.092229
BA,TEODORO SAMPAIO,TEODORO SAMPAIO - BA,50,17,33,34.0,0.014593
BA,TEOFILANDIA,TEOFILANDIA - BA,46,32,14,69.565217,0.013426
BA,TEOLANDIA,TEOLANDIA - BA,38,21,17,55.263158,0.011091
BA,TERRA NOVA,TERRA NOVA - BA,4,0,4,0.0,0.001167
BA,TUCANO,TUCANO - BA,157,73,84,46.496815,0.045823
BA,UAUA,UAUA - BA,11,9,2,81.818182,0.003211
BA,UBAIRA,UBAIRA - BA,14,10,4,71.428571,0.004086
BA,UBAITABA,UBAITABA - BA,67,32,35,47.761194,0.019555
BA,UBATA,UBATA - BA,20,12,8,60.0,0.005837
BA,URUCUCA,URUCUCA - BA,66,23,43,34.848485,0.019263
BA,VALENCA,VALENCA - BA,30,17,13,56.666667,0.008756
BA,VEREDA,VEREDA - BA,23,11,12,47.826087,0.006713
BA,VITORIA DA CONQUISTA,VITORIA DA CONQUISTA - BA,1452,383,1069,26.37741,0.423788
BA,WANDERLEY,WANDERLEY - BA,7,3,4,42.857143,0.002043
BA,WENCESLAU GUIMARAES,WENCESLAU GUIMARAES - BA,68,38,30,55.882353,0.019847
CE,ACARAU,ACARAU - CE,14,13,1,92.857143,0.004086
CE,ALTO SANTO,ALTO SANTO - CE,33,13,20,39.393939,0.009632
CE,AMONTADA,AMONTADA - CE,7,5,2,71.428571,0.002043
CE,AQUIRAZ,AQUIRAZ - CE,191,60,131,31.413613,0.055746
CE,ARACATI,ARACATI - CE,239,85,154,35.564854,0.069756
CE,ARACOIABA,ARACOIABA - CE,2,1,1,50.0,0.000584
CE,AURORA,AURORA - CE,1,0,1,0.0,0.000292
CE,BAIXIO,BAIXIO - CE,7,2,5,28.571429,0.002043
CE,BARRO,BARRO - CE,77,33,44,42.857143,0.022474
CE,BEBERIBE,BEBERIBE - CE,21,8,13,38.095238,0.006129
CE,BELA CRUZ,BELA CRUZ - CE,4,3,1,75.0,0.001167
CE,BOA VIAGEM,BOA VIAGEM - CE,100,48,52,48.0,0.029187
CE,BREJO SANTO,BREJO SANTO - CE,113,67,46,59.292035,0.032981
CE,CANINDE,CANINDE - CE,119,35,84,29.411765,0.034732
CE,CARIDADE,CARIDADE - CE,119,42,77,35.294118,0.034732
CE,CARIRE,CARIRE - CE,1,0,1,0.0,0.000292
CE,CASCAVEL,CASCAVEL - CE,29,8,21,27.586207,0.008464
CE,CAUCAIA,CAUCAIA - CE,917,319,598,34.78735,0.26764
CE,CHOROZINHO,CHOROZINHO - CE,131,46,85,35.114504,0.038234
CE,COREAU,COREAU - CE,27,13,14,48.148148,0.00788
CE,EUSEBIO,EUSEBIO - CE,222,57,165,25.675676,0.064794
CE,FARIAS BRITO,FARIAS BRITO - CE,4,3,1,75.0,0.001167
CE,FORQUILHA,FORQUILHA - CE,107,38,69,35.514019,0.03123
CE,FORTALEZA,FORTALEZA - CE,1849,520,1329,28.12331,0.539659
CE,FRECHEIRINHA,FRECHEIRINHA - CE,31,21,10,67.741935,0.009048
CE,HORIZONTE,HORIZONTE - CE,218,83,135,38.073394,0.063627
CE,IBARETAMA,IBARETAMA - CE,1,1,0,100.0,0.000292
CE,ICAPUI,ICAPUI - CE,3,1,2,33.333333,0.000876
CE,ICO,ICO - CE,110,53,57,48.181818,0.032105
CE,IGUATU,IGUATU - CE,1,0,1,0.0,0.000292
CE,INDEPENDENCIA,INDEPENDENCIA - CE,2,1,1,50.0,0.000584
CE,IPAUMIRIM,IPAUMIRIM - CE,40,16,24,40.0,0.011675
CE,IRAUCUBA,IRAUCUBA - CE,97,39,58,40.206186,0.028311
CE,ITAITINGA,ITAITINGA - CE,244,68,176,27.868852,0.071215
CE,ITAPAJE,ITAPAJE - CE,113,61,52,53.982301,0.032981
CE,ITAPIPOCA,ITAPIPOCA - CE,29,15,14,51.724138,0.008464
CE,ITAREMA,ITAREMA - CE,1,0,1,0.0,0.000292
CE,ITATIRA,ITATIRA - CE,14,5,9,35.714286,0.004086
CE,JAGUARIBARA,JAGUARIBARA - CE,12,3,9,25.0,0.003502
CE,JAGUARIBE,JAGUARIBE - CE,115,55,60,47.826087,0.033564
CE,JATI,JATI - CE,34,10,24,29.411765,0.009923
CE,LAVRAS DA MANGABEIRA,LAVRAS DA MANGABEIRA - CE,41,34,7,82.926829,0.011966
CE,LIMOEIRO DO NORTE,LIMOEIRO DO NORTE - CE,52,20,32,38.461538,0.015177
CE,MADALENA,MADALENA - CE,38,24,14,63.157895,0.011091
CE,MARACANAU,MARACANAU - CE,141,44,97,31.205674,0.041153
CE,MARANGUAPE,MARANGUAPE - CE,34,14,20,41.176471,0.009923
CE,MARCO,MARCO - CE,9,7,2,77.777778,0.002627
CE,MILAGRES,MILAGRES - CE,95,46,49,48.421053,0.027727
CE,MILHA,MILHA - CE,2,2,0,100.0,0.000584
CE,MORADA NOVA,MORADA NOVA - CE,29,13,16,44.827586,0.008464
CE,MORRINHOS,MORRINHOS - CE,4,1,3,25.0,0.001167
CE,OCARA,OCARA - CE,14,5,9,35.714286,0.004086
CE,PACAJUS,PACAJUS - CE,111,37,74,33.333333,0.032397
CE,PALHANO,PALHANO - CE,8,5,3,62.5,0.002335
CE,PARAMBU,PARAMBU - CE,13,7,6,53.846154,0.003794
CE,PEDRA BRANCA,PEDRA BRANCA - CE,32,16,16,50.0,0.00934
CE,PENAFORTE,PENAFORTE - CE,22,15,7,68.181818,0.006421
CE,PEREIRO,PEREIRO - CE,9,7,2,77.777778,0.002627
CE,RUSSAS,RUSSAS - CE,149,61,88,40.939597,0.043488
CE,SAO GONCALO DO AMARANTE,SAO GONCALO DO AMARANTE - CE,122,37,85,30.327869,0.035608
CE,SAO JOAO DO JAGUARIBE,SAO JOAO DO JAGUARIBE - CE,2,1,1,50.0,0.000584
CE,SAO LUIS DO CURU,SAO LUIS DO CURU - CE,23,10,13,43.478261,0.006713
CE,SOBRAL,SOBRAL - CE,228,108,120,47.368421,0.066545
CE,TABULEIRO DO NORTE,TABULEIRO DO NORTE - CE,21,13,8,61.904762,0.006129
CE,TAUA,TAUA - CE,68,37,31,54.411765,0.019847
CE,TIANGUA,TIANGUA - CE,283,105,178,37.102473,0.082598
CE,TURURU,TURURU - CE,18,7,11,38.888889,0.005254
CE,UBAJARA,UBAJARA - CE,9,3,6,33.333333,0.002627
CE,UMARI,UMARI - CE,7,2,5,28.571429,0.002043
CE,UMIRIM,UMIRIM - CE,58,24,34,41.37931,0.016928
CE,VARZEA ALEGRE,VARZEA ALEGRE - CE,40,31,9,77.5,0.011675
DF,BRASILIA,BRASILIA - DF,4948,948,4000,19.159256,1.444149
ES,AFONSO CLAUDIO,AFONSO CLAUDIO - ES,6,4,2,66.666667,0.001751
ES,ALEGRE,ALEGRE - ES,50,28,22,56.0,0.014593
ES,ANCHIETA,ANCHIETA - ES,227,100,127,44.052863,0.066253
ES,ARACRUZ,ARACRUZ - ES,212,87,125,41.037736,0.061875
ES,ATILIO VIVACQUA,ATILIO VIVACQUA - ES,68,24,44,35.294118,0.019847
ES,BAIXO GUANDU,BAIXO GUANDU - ES,105,47,58,44.761905,0.030646
ES,BREJETUBA,BREJETUBA - ES,36,13,23,36.111111,0.010507
ES,CACHOEIRO DE ITAPEMIRIM,CACHOEIRO DE ITAPEMIRIM - ES,203,90,113,44.334975,0.059249
ES,CARIACICA,CARIACICA - ES,1244,419,825,33.681672,0.36308
ES,COLATINA,COLATINA - ES,402,169,233,42.039801,0.11733
ES,CONCEICAO DA BARRA,CONCEICAO DA BARRA - ES,214,66,148,30.841121,0.062459
ES,CONCEICAO DO CASTELO,CONCEICAO DO CASTELO - ES,83,34,49,40.963855,0.024225
ES,DOMINGOS MARTINS,DOMINGOS MARTINS - ES,454,154,300,33.920705,0.132507
ES,DORES DO RIO PRETO,DORES DO RIO PRETO - ES,4,3,1,75.0,0.001167
ES,FUNDAO,FUNDAO - ES,224,75,149,33.482143,0.065378
ES,GUACUI,GUACUI - ES,48,14,34,29.166667,0.01401
ES,GUARAPARI,GUARAPARI - ES,272,103,169,37.867647,0.079387
ES,IBATIBA,IBATIBA - ES,317,148,169,46.687697,0.092521
ES,IBIRACU,IBIRACU - ES,294,87,207,29.591837,0.085808
ES,ICONHA,ICONHA - ES,111,50,61,45.045045,0.032397
ES,IRUPI,IRUPI - ES,18,12,6,66.666667,0.005254
ES,ITAPEMIRIM,ITAPEMIRIM - ES,124,43,81,34.677419,0.036191
ES,IUNA,IUNA - ES,44,21,23,47.727273,0.012842
ES,JAGUARE,JAGUARE - ES,110,47,63,42.727273,0.032105
ES,JERONIMO MONTEIRO,JERONIMO MONTEIRO - ES,20,12,8,60.0,0.005837
ES,JOAO NEIVA,JOAO NEIVA - ES,267,95,172,35.580524,0.077928
ES,LINHARES,LINHARES - ES,1385,366,1019,26.425993,0.404233
ES,MARECHAL FLORIANO,MARECHAL FLORIANO - ES,304,125,179,41.118421,0.088727
ES,MIMOSO DO SUL,MIMOSO DO SUL - ES,138,49,89,35.507246,0.040277
ES,MUNIZ FREIRE,MUNIZ FREIRE - ES,38,17,21,44.736842,0.011091
ES,MUQUI,MUQUI - ES,34,14,20,41.176471,0.009923
ES,PEDRO CANARIO,PEDRO CANARIO - ES,131,48,83,36.641221,0.038234
ES,PINHEIROS,PINHEIROS - ES,19,5,14,26.315789,0.005545
ES,PRESIDENTE KENNEDY,PRESIDENTE KENNEDY - ES,7,1,6,14.285714,0.002043
ES,RIO NOVO DO SUL,RIO NOVO DO SUL - ES,237,72,165,30.379747,0.069172
ES,SAO MATEUS,SAO MATEUS - ES,680,211,469,31.029412,0.198468
ES,SERRA,SERRA - ES,2559,700,1859,27.354435,0.746883
ES,SOORETAMA,SOORETAMA - ES,281,101,180,35.94306,0.082014
ES,VENDA NOVA DO IMIGRANTE,VENDA NOVA DO IMIGRANTE - ES,247,109,138,44.129555,0.072091
ES,VIANA,VIANA - ES,731,233,498,31.874145,0.213353
ES,VILA VELHA,VILA VELHA - ES,109,43,66,39.449541,0.031813
ES,VITORIA,VITORIA - ES,26,4,22,15.384615,0.007588
GO,ABADIA DE GOIAS,ABADIA DE GOIAS - GO,158,41,117,25.949367,0.046115
GO,ABADIANIA,ABADIANIA - GO,374,114,260,30.481283,0.109158
GO,ACREUNA,ACREUNA - GO,125,37,88,29.6,0.036483
GO,AGUAS LINDAS DE GOIAS,AGUAS LINDAS DE GOIAS - GO,565,131,434,23.185841,0.164904
GO,ALEXANIA,ALEXANIA - GO,364,83,281,22.802198,0.106239
GO,ALTO HORIZONTE,ALTO HORIZONTE - GO,4,3,1,75.0,0.001167
GO,ALVORADA DO NORTE,ALVORADA DO NORTE - GO,108,42,66,38.888889,0.031521
GO,AMARALINA,AMARALINA - GO,1,1,0,100.0,0.000292
GO,ANAPOLIS,ANAPOLIS - GO,1532,460,1072,30.02611,0.447137
GO,APARECIDA DE GOIANIA,APARECIDA DE GOIANIA - GO,698,179,519,25.644699,0.203722
GO,APARECIDA DO RIO DOCE,APARECIDA DO RIO DOCE - GO,52,7,45,13.461538,0.015177
GO,ARAGARCAS,ARAGARCAS - GO,119,46,73,38.655462,0.034732
GO,BARRO ALTO,BARRO ALTO - GO,73,20,53,27.39726,0.021306
GO,BOM JARDIM DE GOIAS,BOM JARDIM DE GOIAS - GO,36,13,23,36.111111,0.010507
GO,BOM JESUS DE GOIAS,BOM JESUS DE GOIAS - GO,74,24,50,32.432432,0.021598
GO,BONOPOLIS,BONOPOLIS - GO,1,1,0,100.0,0.000292
GO,BURITI ALEGRE,BURITI ALEGRE - GO,1,1,0,100.0,0.000292
GO,CACHOEIRA ALTA,CACHOEIRA ALTA - GO,132,36,96,27.272727,0.038526
GO,CACU,CACU - GO,1,0,1,0.0,0.000292
GO,CAIAPONIA,CAIAPONIA - GO,68,16,52,23.529412,0.019847
GO,CAMPINORTE,CAMPINORTE - GO,134,41,93,30.597015,0.03911
GO,CAMPO ALEGRE DE GOIAS,CAMPO ALEGRE DE GOIAS - GO,224,52,172,23.214286,0.065378
GO,CASTELANDIA,CASTELANDIA - GO,2,1,1,50.0,0.000584
GO,CATALAO,CATALAO - GO,462,122,340,26.406926,0.134842
GO,CERES,CERES - GO,3,3,0,100.0,0.000876
GO,CEZARINA,CEZARINA - GO,69,27,42,39.130435,0.020139
GO,CIDADE OCIDENTAL,CIDADE OCIDENTAL - GO,2,0,2,0.0,0.000584
GO,COCALZINHO DE GOIAS,COCALZINHO DE GOIAS - GO,246,93,153,37.804878,0.071799
GO,CORUMBA DE GOIAS,CORUMBA DE GOIAS - GO,110,39,71,35.454545,0.032105
GO,CRISTALINA,CRISTALINA - GO,652,199,453,30.521472,0.190296
GO,CUMARI,CUMARI - GO,58,14,44,24.137931,0.016928
GO,ESTRELA DO NORTE,ESTRELA DO NORTE - GO,52,14,38,26.923077,0.015177
GO,FAZENDA NOVA,FAZENDA NOVA - GO,1,0,1,0.0,0.000292
GO,FLORES DE GOIAS,FLORES DE GOIAS - GO,83,29,54,34.939759,0.024225
GO,FORMOSA,FORMOSA - GO,384,108,276,28.125,0.112076
GO,GOIANAPOLIS,GOIANAPOLIS - GO,233,62,171,26.609442,0.068005
GO,GOIANIA,GOIANIA - GO,1132,321,811,28.35689,0.330391
GO,GOIAS,GOIAS - GO,13,3,10,23.076923,0.003794
GO,GOIATUBA,GOIATUBA - GO,117,29,88,24.786325,0.034148
GO,GUAPO,GUAPO - GO,184,52,132,28.26087,0.053703
GO,GUARANI DE GOIAS,GUARANI DE GOIAS - GO,15,8,7,53.333333,0.004378
GO,HIDROLANDIA,HIDROLANDIA - GO,249,81,168,32.53012,0.072674
GO,HIDROLINA,HIDROLINA - GO,26,11,15,42.307692,0.007588
GO,INDIARA,INDIARA - GO,104,39,65,37.5,0.030354
GO,IPAMERI,IPAMERI - GO,86,25,61,29.069767,0.0251
GO,ITABERAI,ITABERAI - GO,18,11,7,61.111111,0.005254
GO,ITAGUARI,ITAGUARI - GO,5,3,2,60.0,0.001459
GO,ITAPIRAPUA,ITAPIRAPUA - GO,30,7,23,23.333333,0.008756
GO,ITUMBIARA,ITUMBIARA - GO,271,73,198,26.937269,0.079095
GO,JANDAIA,JANDAIA - GO,52,20,32,38.461538,0.015177
GO,JARAGUA,JARAGUA - GO,193,63,130,32.642487,0.05633
GO,JATAI,JATAI - GO,435,106,329,24.367816,0.126961
GO,JUSSARA,JUSSARA - GO,131,46,85,35.114504,0.038234
GO,LUZIANIA,LUZIANIA - GO,896,297,599,33.147321,0.261511
GO,MARA ROSA,MARA ROSA - GO,41,20,21,48.780488,0.011966
GO,MAURILANDIA,MAURILANDIA - GO,39,11,28,28.205128,0.011383
GO,MINEIROS,MINEIROS - GO,164,62,102,37.804878,0.047866
GO,MONTES CLAROS DE GOIAS,MONTES CLAROS DE GOIAS - GO,55,26,29,47.272727,0.016053
GO,MORRINHOS,MORRINHOS - GO,307,70,237,22.801303,0.089603
GO,MUTUNOPOLIS,MUTUNOPOLIS - GO,1,1,0,100.0,0.000292
GO,NIQUELANDIA,NIQUELANDIA - GO,29,22,7,75.862069,0.008464
GO,NOVA GLORIA,NOVA GLORIA - GO,98,25,73,25.510204,0.028603
GO,PADRE BERNARDO,PADRE BERNARDO - GO,135,51,84,37.777778,0.039402
GO,PALMEIRAS DE GOIAS,PALMEIRAS DE GOIAS - GO,1,0,1,0.0,0.000292
GO,PANAMA,PANAMA - GO,42,7,35,16.666667,0.012258
GO,PARANAIGUARA,PARANAIGUARA - GO,40,9,31,22.5,0.011675
GO,PIRACANJUBA,PIRACANJUBA - GO,97,23,74,23.71134,0.028311
GO,PIRANHAS,PIRANHAS - GO,29,13,16,44.827586,0.008464
GO,PIRENOPOLIS,PIRENOPOLIS - GO,78,22,56,28.205128,0.022765
GO,PORANGATU,PORANGATU - GO,216,70,146,32.407407,0.063043
GO,PORTEIRAO,PORTEIRAO - GO,5,1,4,20.0,0.001459
GO,PORTELANDIA,PORTELANDIA - GO,24,12,12,50.0,0.007005
GO,POSSE,POSSE - GO,115,43,72,37.391304,0.033564
GO,PROFESSOR JAMIL,PROFESSOR JAMIL - GO,176,34,142,19.318182,0.051368
GO,RIALMA,RIALMA - GO,139,51,88,36.690647,0.040569
GO,RIANAPOLIS,RIANAPOLIS - GO,59,19,40,32.20339,0.01722
GO,RIO VERDE,RIO VERDE - GO,728,181,547,24.862637,0.212478
GO,SANTA FE DE GOIAS,SANTA FE DE GOIAS - GO,9,1,8,11.111111,0.002627
GO,SANTA HELENA DE GOIAS,SANTA HELENA DE GOIAS - GO,44,13,31,29.545455,0.012842
GO,SANTA RITA DO ARAGUAIA,SANTA RITA DO ARAGUAIA - GO,39,12,27,30.769231,0.011383
GO,SANTA RITA DO NOVO DESTINO,SANTA RITA DO NOVO DESTINO - GO,10,2,8,20.0,0.002919
GO,SANTA TEREZA DE GOIAS,SANTA TEREZA DE GOIAS - GO,69,21,48,30.434783,0.020139
GO,SANTO ANTONIO DA BARRA,SANTO ANTONIO DA BARRA - GO,83,17,66,20.481928,0.024225
GO,SANTO ANTONIO DO DESCOBERTO,SANTO ANTONIO DO DESCOBERTO - GO,132,31,101,23.484848,0.038526
GO,SAO FRANCISCO DE GOIAS,SAO FRANCISCO DE GOIAS - GO,57,20,37,35.087719,0.016636
GO,SAO LUIZ DO NORTE,SAO LUIZ DO NORTE - GO,47,19,28,40.425532,0.013718
GO,SAO MIGUEL DO ARAGUAIA,SAO MIGUEL DO ARAGUAIA - GO,20,17,3,85.0,0.005837
GO,SAO MIGUEL DO PASSA QUATRO,SAO MIGUEL DO PASSA QUATRO - GO,1,0,1,0.0,0.000292
GO,SAO SIMAO,SAO SIMAO - GO,86,19,67,22.093023,0.0251
GO,SIMOLANDIA,SIMOLANDIA - GO,68,25,43,36.764706,0.019847
GO,TERESINA DE GOIAS,TERESINA DE GOIAS - GO,1,0,1,0.0,0.000292
GO,TEREZOPOLIS DE GOIAS,TEREZOPOLIS DE GOIAS - GO,120,26,94,21.666667,0.035024
GO,TRINDADE,TRINDADE - GO,1,1,0,100.0,0.000292
GO,URUACU,URUACU - GO,243,86,157,35.390947,0.070923
GO,VALPARAISO DE GOIAS,VALPARAISO DE GOIAS - GO,941,176,765,18.703507,0.274645
GO,VARJAO,VARJAO - GO,28,3,25,10.714286,0.008172
GO,VILA BOA,VILA BOA - GO,57,23,34,40.350877,0.016636
GO,VILA PROPICIO,VILA PROPICIO - GO,108,43,65,39.814815,0.031521
MA,ACAILANDIA,ACAILANDIA - MA,455,210,245,46.153846,0.132799
MA,ALTO ALEGRE DO MARANHAO,ALTO ALEGRE DO MARANHAO - MA,74,36,38,48.648649,0.021598
MA,ARAGUANA,ARAGUANA - MA,8,7,1,87.5,0.002335
MA,ARARI,ARARI - MA,25,8,17,32.0,0.007297
MA,AXIXA,AXIXA - MA,12,5,7,41.666667,0.003502
MA,BACABAL,BACABAL - MA,60,43,17,71.666667,0.017512
MA,BACABEIRA,BACABEIRA - MA,241,78,163,32.365145,0.070339
MA,BALSAS,BALSAS - MA,237,98,139,41.350211,0.069172
MA,BARAO DE GRAJAU,BARAO DE GRAJAU - MA,94,44,50,46.808511,0.027435
MA,BARRA DO CORDA,BARRA DO CORDA - MA,137,65,72,47.445255,0.039986
MA,BARREIRINHAS,BARREIRINHAS - MA,1,0,1,0.0,0.000292
MA,BELA VISTA DO MARANHAO,BELA VISTA DO MARANHAO - MA,34,10,24,29.411765,0.009923
MA,BOA VISTA DO GURUPI,BOA VISTA DO GURUPI - MA,28,18,10,64.285714,0.008172
MA,BOM JARDIM,BOM JARDIM - MA,33,23,10,69.69697,0.009632
MA,BOM JESUS DAS SELVAS,BOM JESUS DAS SELVAS - MA,38,28,10,73.684211,0.011091
MA,BURITICUPU,BURITICUPU - MA,37,26,11,70.27027,0.010799
MA,CAMPESTRE DO MARANHAO,CAMPESTRE DO MARANHAO - MA,38,17,21,44.736842,0.011091
MA,CAPINZAL DO NORTE,CAPINZAL DO NORTE - MA,32,21,11,65.625,0.00934
MA,CAROLINA,CAROLINA - MA,33,24,9,72.727273,0.009632
MA,CAXIAS,CAXIAS - MA,281,148,133,52.669039,0.082014
MA,CHAPADINHA,CHAPADINHA - MA,3,3,0,100.0,0.000876
MA,CIDELANDIA,CIDELANDIA - MA,17,8,9,47.058824,0.004962
MA,CODO,CODO - MA,71,41,30,57.746479,0.020722
MA,COLINAS,COLINAS - MA,6,2,4,33.333333,0.001751
MA,DAVINOPOLIS,DAVINOPOLIS - MA,23,15,8,65.217391,0.006713
MA,DOM PEDRO,DOM PEDRO - MA,21,14,7,66.666667,0.006129
MA,ESTREITO,ESTREITO - MA,59,39,20,66.101695,0.01722
MA,FORTALEZA DOS NOGUEIRAS,FORTALEZA DOS NOGUEIRAS - MA,1,0,1,0.0,0.000292
MA,GOVERNADOR EDISON LOBAO,GOVERNADOR EDISON LOBAO - MA,64,43,21,67.1875,0.018679
MA,GOVERNADOR EUGENIO BARROS,GOVERNADOR EUGENIO BARROS - MA,7,6,1,85.714286,0.002043
MA,GOVERNADOR NEWTON BELLO,GOVERNADOR NEWTON BELLO - MA,15,9,6,60.0,0.004378
MA,GOVERNADOR NUNES FREIRE,GOVERNADOR NUNES FREIRE - MA,7,6,1,85.714286,0.002043
MA,GRACA ARANHA,GRACA ARANHA - MA,1,1,0,100.0,0.000292
MA,GRAJAU,GRAJAU - MA,37,22,15,59.459459,0.010799
MA,HUMBERTO DE CAMPOS,HUMBERTO DE CAMPOS - MA,5,2,3,40.0,0.001459
MA,ICATU,ICATU - MA,1,1,0,100.0,0.000292
MA,IGARAPE DO MEIO,IGARAPE DO MEIO - MA,28,17,11,60.714286,0.008172
MA,IMPERATRIZ,IMPERATRIZ - MA,628,243,385,38.694268,0.183291
MA,ITAPECURU MIRIM,ITAPECURU MIRIM - MA,173,84,89,48.554913,0.050493
MA,ITINGA DO MARANHAO,ITINGA DO MARANHAO - MA,36,24,12,66.666667,0.010507
MA,JATOBA,JATOBA - MA,4,2,2,50.0,0.001167
MA,JENIPAPO DOS VIEIRAS,JENIPAPO DOS VIEIRAS - MA,14,8,6,57.142857,0.004086
MA,JUNCO DO MARANHAO,JUNCO DO MARANHAO - MA,1,1,0,100.0,0.000292
MA,LAJEADO NOVO,LAJEADO NOVO - MA,23,16,7,69.565217,0.006713
MA,LORETO,LORETO - MA,12,6,6,50.0,0.003502
MA,MARACACUME,MARACACUME - MA,12,6,6,50.0,0.003502
MA,MARANHAOZINHO,MARANHAOZINHO - MA,9,7,2,77.777778,0.002627
MA,MATOES,MATOES - MA,9,4,5,44.444444,0.002627
MA,MATOES DO NORTE,MATOES DO NORTE - MA,55,19,36,34.545455,0.016053
MA,MIRANDA DO NORTE,MIRANDA DO NORTE - MA,61,31,30,50.819672,0.017804
MA,MONCAO,MONCAO - MA,8,6,2,75.0,0.002335
MA,MORROS,MORROS - MA,23,16,7,69.565217,0.006713
MA,NOVA OLINDA DO MARANHAO,NOVA OLINDA DO MARANHAO - MA,22,12,10,54.545455,0.006421
MA,OLHO DAGUA DAS CUNHAS,OLHO DAGUA DAS CUNHAS - MA,14,7,7,50.0,0.004086
MA,PARAIBANO,PARAIBANO - MA,2,1,1,50.0,0.000584
MA,PASTOS BONS,PASTOS BONS - MA,23,18,5,78.26087,0.006713
MA,PERITORO,PERITORO - MA,118,64,54,54.237288,0.03444
MA,PINDARE-MIRIM,PINDARE-MIRIM - MA,27,11,16,40.740741,0.00788
MA,PIO XII,PIO XII - MA,22,10,12,45.454545,0.006421
MA,PORTO FRANCO,PORTO FRANCO - MA,77,33,44,42.857143,0.022474
MA,PRESIDENTE DUTRA,PRESIDENTE DUTRA - MA,34,26,8,76.470588,0.009923
MA,PRESIDENTE MEDICI,PRESIDENTE MEDICI - MA,7,2,5,28.571429,0.002043
MA,PRESIDENTE VARGAS,PRESIDENTE VARGAS - MA,1,1,0,100.0,0.000292
MA,PRIMEIRA CRUZ,PRIMEIRA CRUZ - MA,6,4,2,66.666667,0.001751
MA,RIACHAO,RIACHAO - MA,55,37,18,67.272727,0.016053
MA,RIBAMAR FIQUENE,RIBAMAR FIQUENE - MA,36,15,21,41.666667,0.010507
MA,ROSARIO,ROSARIO - MA,44,25,19,56.818182,0.012842
MA,SAMBAIBA,SAMBAIBA - MA,5,4,1,80.0,0.001459
MA,SANTA INES,SANTA INES - MA,142,70,72,49.295775,0.041445
MA,SANTA LUZIA,SANTA LUZIA - MA,70,40,30,57.142857,0.020431
MA,SANTA LUZIA DO PARUA,SANTA LUZIA DO PARUA - MA,16,11,5,68.75,0.00467
MA,SANTA RITA,SANTA RITA - MA,124,44,80,35.483871,0.036191
MA,SANTO AMARO DO MARANHAO,SANTO AMARO DO MARANHAO - MA,4,1,3,25.0,0.001167
MA,SANTO ANTONIO DOS LOPES,SANTO ANTONIO DOS LOPES - MA,14,11,3,78.571429,0.004086
MA,SAO DOMINGOS DO AZEITAO,SAO DOMINGOS DO AZEITAO - MA,16,13,3,81.25,0.00467
MA,SAO DOMINGOS DO MARANHAO,SAO DOMINGOS DO MARANHAO - MA,10,8,2,80.0,0.002919
MA,SAO FELIX DE BALSAS,SAO FELIX DE BALSAS - MA,6,3,3,50.0,0.001751
MA,SAO FRANCISCO DO BREJAO,SAO FRANCISCO DO BREJAO - MA,13,4,9,30.769231,0.003794
MA,SAO JOAO DO SOTER,SAO JOAO DO SOTER - MA,2,1,1,50.0,0.000584
MA,SAO JOAO DOS PATOS,SAO JOAO DOS PATOS - MA,26,11,15,42.307692,0.007588
MA,SAO LUIS,SAO LUIS - MA,1054,277,777,26.280835,0.307626
MA,SAO MATEUS DO MARANHAO,SAO MATEUS DO MARANHAO - MA,65,37,28,56.923077,0.018971
MA,SAO RAIMUNDO DAS MANGABEIRAS,SAO RAIMUNDO DAS MANGABEIRAS - MA,43,28,15,65.116279,0.01255
MA,SATUBINHA,SATUBINHA - MA,2,1,1,50.0,0.000584
MA,SENADOR ALEXANDRE COSTA,SENADOR ALEXANDRE COSTA - MA,7,7,0,100.0,0.002043
MA,SITIO NOVO,SITIO NOVO - MA,12,8,4,66.666667,0.003502
MA,SUCUPIRA DO RIACHAO,SUCUPIRA DO RIACHAO - MA,15,3,12,20.0,0.004378
MA,TIMON,TIMON - MA,219,133,86,60.730594,0.063918
MA,TUNTUM,TUNTUM - MA,20,12,8,60.0,0.005837
MA,VARGEM GRANDE,VARGEM GRANDE - MA,12,6,6,50.0,0.003502
MA,VITORIA DO MEARIM,VITORIA DO MEARIM - MA,29,16,13,55.172414,0.008464
MA,ZE DOCA,ZE DOCA - MA,32,21,11,65.625,0.00934
MG,ABRE CAMPO,ABRE CAMPO - MG,117,57,60,48.717949,0.034148
MG,AGUAS VERMELHAS,AGUAS VERMELHAS - MG,31,8,23,25.806452,0.009048
MG,AIURUOCA,AIURUOCA - MG,39,17,22,43.589744,0.011383
MG,ALEM PARAIBA,ALEM PARAIBA - MG,163,45,118,27.607362,0.047574
MG,ALFREDO VASCONCELOS,ALFREDO VASCONCELOS - MG,62,21,41,33.870968,0.018096
MG,ALMENARA,ALMENARA - MG,1,0,1,0.0,0.000292
MG,ALPERCATA,ALPERCATA - MG,91,46,45,50.549451,0.02656
MG,ANTONIO DIAS,ANTONIO DIAS - MG,155,53,102,34.193548,0.045239
MG,ARAGUARI,ARAGUARI - MG,641,116,525,18.096724,0.187086
MG,ARANTINA,ARANTINA - MG,4,3,1,75.0,0.001167
MG,ARAPORA,ARAPORA - MG,135,38,97,28.148148,0.039402
MG,ARAUJOS,ARAUJOS - MG,44,18,26,40.909091,0.012842
MG,ARAXA,ARAXA - MG,89,24,65,26.966292,0.025976
MG,ARGIRITA,ARGIRITA - MG,91,33,58,36.263736,0.02656
MG,BAEPENDI,BAEPENDI - MG,55,15,40,27.272727,0.016053
MG,BANDEIRA DO SUL,BANDEIRA DO SUL - MG,26,4,22,15.384615,0.007588
MG,BARAO DE COCAIS,BARAO DE COCAIS - MG,59,21,38,35.59322,0.01722
MG,BARBACENA,BARBACENA - MG,334,85,249,25.449102,0.097483
MG,BELA VISTA DE MINAS,BELA VISTA DE MINAS - MG,121,40,81,33.057851,0.035316
MG,BELO HORIZONTE,BELO HORIZONTE - MG,384,127,257,33.072917,0.112076
MG,BELO ORIENTE,BELO ORIENTE - MG,88,41,47,46.590909,0.025684
MG,BETIM,BETIM - MG,3084,623,2461,20.201038,0.900112
MG,BICAS,BICAS - MG,63,30,33,47.619048,0.018388
MG,BOM DESPACHO,BOM DESPACHO - MG,187,55,132,29.411765,0.054579
MG,BOM JARDIM DE MINAS,BOM JARDIM DE MINAS - MG,48,19,29,39.583333,0.01401
MG,BOM JESUS DO AMPARO,BOM JESUS DO AMPARO - MG,134,62,72,46.268657,0.03911
MG,BOTELHOS,BOTELHOS - MG,41,16,25,39.02439,0.011966
MG,BRUMADINHO,BRUMADINHO - MG,325,65,260,20.0,0.094856
MG,BURITIZEIRO,BURITIZEIRO - MG,115,52,63,45.217391,0.033564
MG,CABO VERDE,CABO VERDE - MG,39,18,21,46.153846,0.011383
MG,CACHOEIRA DE PAJEU,CACHOEIRA DE PAJEU - MG,108,41,67,37.962963,0.031521
MG,CAETANOPOLIS,CAETANOPOLIS - MG,204,63,141,30.882353,0.05954
MG,CAETE,CAETE - MG,179,75,104,41.899441,0.052244
MG,CALDAS,CALDAS - MG,121,39,82,32.231405,0.035316
MG,CAMANDUCAIA,CAMANDUCAIA - MG,316,44,272,13.924051,0.092229
MG,CAMBUI,CAMBUI - MG,424,85,339,20.04717,0.123751
MG,CAMPANARIO,CAMPANARIO - MG,62,25,37,40.322581,0.018096
MG,CAMPANHA,CAMPANHA - MG,201,35,166,17.412935,0.058665
MG,CAMPO FLORIDO,CAMPO FLORIDO - MG,119,34,85,28.571429,0.034732
MG,CAMPOS ALTOS,CAMPOS ALTOS - MG,153,40,113,26.143791,0.044655
MG,CANAPOLIS,CANAPOLIS - MG,103,24,79,23.300971,0.030062
MG,CAPIM BRANCO,CAPIM BRANCO - MG,14,1,13,7.142857,0.004086
MG,CARAI,CARAI - MG,61,37,24,60.655738,0.017804
MG,CARANAIBA,CARANAIBA - MG,1,1,0,100.0,0.000292
MG,CARANDAI,CARANDAI - MG,233,97,136,41.630901,0.068005
MG,CARATINGA,CARATINGA - MG,512,132,380,25.78125,0.149435
MG,CAREACU,CAREACU - MG,168,33,135,19.642857,0.049033
MG,CARMO DA CACHOEIRA,CARMO DA CACHOEIRA - MG,281,38,243,13.523132,0.082014
MG,CARMOPOLIS DE MINAS,CARMOPOLIS DE MINAS - MG,260,63,197,24.230769,0.075885
MG,CARVALHOS,CARVALHOS - MG,11,4,7,36.363636,0.003211
MG,CATUJI,CATUJI - MG,123,54,69,43.902439,0.035899
MG,CAXAMBU,CAXAMBU - MG,96,25,71,26.041667,0.028019
MG,CENTRALINA,CENTRALINA - MG,140,27,113,19.285714,0.040861
MG,CLARO DOS POCOES,CLARO DOS POCOES - MG,65,36,29,55.384615,0.018971
MG,COMENDADOR GOMES,COMENDADOR GOMES - MG,91,19,72,20.879121,0.02656
MG,CONCEICAO DAS ALAGOAS,CONCEICAO DAS ALAGOAS - MG,21,7,14,33.333333,0.006129
MG,CONCEICAO DO PARA,CONCEICAO DO PARA - MG,2,1,1,50.0,0.000584
MG,CONGONHAL,CONGONHAL - MG,118,58,60,49.152542,0.03444
MG,CONGONHAS,CONGONHAS - MG,468,145,323,30.982906,0.136593
MG,CONSELHEIRO LAFAIETE,CONSELHEIRO LAFAIETE - MG,436,163,273,37.385321,0.127253
MG,CONTAGEM,CONTAGEM - MG,1499,396,1103,26.417612,0.437506
MG,CORONEL FABRICIANO,CORONEL FABRICIANO - MG,41,20,21,48.780488,0.011966
MG,CORREGO DANTA,CORREGO DANTA - MG,110,39,71,35.454545,0.032105
MG,CRISTIANO OTONI,CRISTIANO OTONI - MG,122,33,89,27.04918,0.035608
MG,CURRAL DE DENTRO,CURRAL DE DENTRO - MG,7,3,4,42.857143,0.002043
MG,CURVELO,CURVELO - MG,198,74,124,37.373737,0.057789
MG,DELTA,DELTA - MG,143,35,108,24.475524,0.041737
MG,DIVINO,DIVINO - MG,93,43,50,46.236559,0.027143
MG,DIVISA ALEGRE,DIVISA ALEGRE - MG,54,19,35,35.185185,0.015761
MG,DOM CAVATI,DOM CAVATI - MG,48,17,31,35.416667,0.01401
MG,ENGENHEIRO CALDAS,ENGENHEIRO CALDAS - MG,138,69,69,50.0,0.040277
MG,ESMERALDAS,ESMERALDAS - MG,263,71,192,26.996198,0.076761
MG,ESTIVA,ESTIVA - MG,239,39,200,16.317992,0.069756
MG,ESTRELA DO SUL,ESTRELA DO SUL - MG,9,1,8,11.111111,0.002627
MG,EUGENOPOLIS,EUGENOPOLIS - MG,53,13,40,24.528302,0.015469
MG,EWBANK DA CAMARA,EWBANK DA CAMARA - MG,64,17,47,26.5625,0.018679
MG,EXTREMA,EXTREMA - MG,555,107,448,19.279279,0.161985
MG,FELIXLANDIA,FELIXLANDIA - MG,138,56,82,40.57971,0.040277
MG,FERVEDOURO,FERVEDOURO - MG,88,36,52,40.909091,0.025684
MG,FLORESTAL,FLORESTAL - MG,58,15,43,25.862069,0.016928
MG,FRANCISCO SA,FRANCISCO SA - MG,368,148,220,40.217391,0.107406
MG,FREI INOCENCIO,FREI INOCENCIO - MG,64,36,28,56.25,0.018679
MG,FRONTEIRA,FRONTEIRA - MG,113,38,75,33.628319,0.032981
MG,FRUTA DE LEITE,FRUTA DE LEITE - MG,79,39,40,49.367089,0.023057
MG,FRUTAL,FRUTAL - MG,314,102,212,32.484076,0.091646
MG,GOVERNADOR VALADARES,GOVERNADOR VALADARES - MG,1112,408,704,36.690647,0.324554
MG,GRAO MOGOL,GRAO MOGOL - MG,272,126,146,46.323529,0.079387
MG,GUARARA,GUARARA - MG,18,8,10,44.444444,0.005254
MG,GUAXUPE,GUAXUPE - MG,45,15,30,33.333333,0.013134
MG,GUIMARANIA,GUIMARANIA - MG,25,14,11,56.0,0.007297
MG,GURINHATA,GURINHATA - MG,42,10,32,23.809524,0.012258
MG,IBIA,IBIA - MG,168,49,119,29.166667,0.049033
MG,IGARAPE,IGARAPE - MG,258,58,200,22.48062,0.075301
MG,IGARATINGA,IGARATINGA - MG,139,51,88,36.690647,0.040569
MG,ILICINEA,ILICINEA - MG,1,0,1,0.0,0.000292
MG,INDIANOPOLIS,INDIANOPOLIS - MG,90,28,62,31.111111,0.026268
MG,INHAPIM,INHAPIM - MG,196,70,126,35.714286,0.057206
MG,IPATINGA,IPATINGA - MG,15,7,8,46.666667,0.004378
MG,IPUIUNA,IPUIUNA - MG,42,21,21,50.0,0.012258
MG,ITABIRITO,ITABIRITO - MG,263,99,164,37.642586,0.076761
MG,ITAGUARA,ITAGUARA - MG,305,61,244,20.0,0.089019
MG,ITAMBACURI,ITAMBACURI - MG,124,54,70,43.548387,0.036191
MG,ITAMONTE,ITAMONTE - MG,143,28,115,19.58042,0.041737
MG,ITANHANDU,ITANHANDU - MG,22,6,16,27.272727,0.006421
MG,ITAOBIM,ITAOBIM - MG,147,58,89,39.455782,0.042904
MG,ITAPEVA,ITAPEVA - MG,217,43,174,19.815668,0.063335
MG,ITATIAIUCU,ITATIAIUCU - MG,310,67,243,21.612903,0.090478
MG,ITAUNA,ITAUNA - MG,1,0,1,0.0,0.000292
MG,ITUIUTABA,ITUIUTABA - MG,227,43,184,18.942731,0.066253
MG,ITUTINGA,ITUTINGA - MG,1,0,1,0.0,0.000292
MG,JAGUARACU,JAGUARACU - MG,84,31,53,36.904762,0.024517
MG,JAMPRUCA,JAMPRUCA - MG,27,13,14,48.148148,0.00788
MG,JEQUITAI,JEQUITAI - MG,129,62,67,48.062016,0.037651
MG,JOAO MONLEVADE,JOAO MONLEVADE - MG,363,101,262,27.823691,0.105947
MG,JOAO PINHEIRO,JOAO PINHEIRO - MG,441,159,282,36.054422,0.128713
MG,JUATUBA,JUATUBA - MG,434,119,315,27.419355,0.126669
MG,JUIZ DE FORA,JUIZ DE FORA - MG,665,189,476,28.421053,0.19409
MG,JURUAIA,JURUAIA - MG,1,1,0,100.0,0.000292
MG,LAGOA GRANDE,LAGOA GRANDE - MG,61,22,39,36.065574,0.017804
MG,LARANJAL,LARANJAL - MG,72,19,53,26.388889,0.021014
MG,LAVRAS,LAVRAS - MG,266,40,226,15.037594,0.077636
MG,LEOPOLDINA,LEOPOLDINA - MG,497,139,358,27.967807,0.145057
MG,LIBERDADE,LIBERDADE - MG,12,3,9,25.0,0.003502
MG,LIMA DUARTE,LIMA DUARTE - MG,88,39,49,44.318182,0.025684
MG,LUZ,LUZ - MG,254,87,167,34.251969,0.074134
MG,MANHUACU,MANHUACU - MG,950,284,666,29.894737,0.277272
MG,MARIPA DE MINAS,MARIPA DE MINAS - MG,40,18,22,45.0,0.011675
MG,MARTINS SOARES,MARTINS SOARES - MG,111,52,59,46.846847,0.032397
MG,MATEUS LEME,MATEUS LEME - MG,83,25,58,30.120482,0.024225
MG,MATHIAS LOBATO,MATHIAS LOBATO - MG,47,21,26,44.680851,0.013718
MG,MATIAS BARBOSA,MATIAS BARBOSA - MG,120,38,82,31.666667,0.035024
MG,MATIPO,MATIPO - MG,99,37,62,37.373737,0.028895
MG,MATOZINHOS,MATOZINHOS - MG,5,3,2,60.0,0.001459
MG,MEDINA,MEDINA - MG,116,52,64,44.827586,0.033856
MG,MIRADOURO,MIRADOURO - MG,79,22,57,27.848101,0.023057
MG,MOEMA,MOEMA - MG,35,15,20,42.857143,0.010215
MG,MONTE ALEGRE DE MINAS,MONTE ALEGRE DE MINAS - MG,459,102,357,22.222222,0.133966
MG,MONTE CARMELO,MONTE CARMELO - MG,42,13,29,30.952381,0.012258
MG,MONTES CLAROS,MONTES CLAROS - MG,360,139,221,38.611111,0.105071
MG,MURIAE,MURIAE - MG,855,231,624,27.017544,0.249545
MG,MUZAMBINHO,MUZAMBINHO - MG,32,11,21,34.375,0.00934
MG,NAQUE,NAQUE - MG,57,24,33,42.105263,0.016636
MG,NEPOMUCENO,NEPOMUCENO - MG,60,8,52,13.333333,0.017512
MG,NOVA ERA,NOVA ERA - MG,236,83,153,35.169492,0.06888
MG,NOVA LIMA,NOVA LIMA - MG,780,227,553,29.102564,0.227655
MG,NOVA PONTE,NOVA PONTE - MG,2,0,2,0.0,0.000584
MG,NOVA SERRANA,NOVA SERRANA - MG,505,179,326,35.445545,0.147392
MG,NOVA UNIAO,NOVA UNIAO - MG,76,30,46,39.473684,0.022182
MG,OLARIA,OLARIA - MG,23,12,11,52.173913,0.006713
MG,OLIVEIRA,OLIVEIRA - MG,311,68,243,21.864952,0.09077
MG,OLIVEIRA FORTES,OLIVEIRA FORTES - MG,70,16,54,22.857143,0.020431
MG,ORIZANIA,ORIZANIA - MG,87,38,49,43.678161,0.025392
MG,OURO PRETO,OURO PRETO - MG,98,29,69,29.591837,0.028603
MG,PADRE CARVALHO,PADRE CARVALHO - MG,56,22,34,39.285714,0.016344
MG,PADRE PARAISO,PADRE PARAISO - MG,56,23,33,41.071429,0.016344
MG,PARA DE MINAS,PARA DE MINAS - MG,223,76,147,34.080717,0.065086
MG,PARACATU,PARACATU - MG,489,134,355,27.402863,0.142722
MG,PARAOPEBA,PARAOPEBA - MG,219,74,145,33.789954,0.063918
MG,PATOS DE MINAS,PATOS DE MINAS - MG,269,92,177,34.200743,0.078512
MG,PATROCINIO,PATROCINIO - MG,216,74,142,34.259259,0.063043
MG,PATROCINIO DO MURIAE,PATROCINIO DO MURIAE - MG,17,2,15,11.764706,0.004962
MG,PEDRA AZUL,PEDRA AZUL - MG,19,10,9,52.631579,0.005545
MG,PEDRO LEOPOLDO,PEDRO LEOPOLDO - MG,6,1,5,16.666667,0.001751
MG,PERDIZES,PERDIZES - MG,48,16,32,33.333333,0.01401
MG,PERDOES,PERDOES - MG,236,37,199,15.677966,0.06888
MG,PERIQUITO,PERIQUITO - MG,79,37,42,46.835443,0.023057
MG,PIRAPORA,PIRAPORA - MG,100,53,47,53.0,0.029187
MG,PLANURA,PLANURA - MG,50,20,30,40.0,0.014593
MG,POCOS DE CALDAS,POCOS DE CALDAS - MG,138,33,105,23.913043,0.040277
MG,PONTO DOS VOLANTES,PONTO DOS VOLANTES - MG,78,38,40,48.717949,0.022765
MG,POUSO ALEGRE,POUSO ALEGRE - MG,532,133,399,25.0,0.155272
MG,POUSO ALTO,POUSO ALTO - MG,191,34,157,17.801047,0.055746
MG,PRATA,PRATA - MG,304,99,205,32.565789,0.088727
MG,PRESIDENTE OLEGARIO,PRESIDENTE OLEGARIO - MG,4,2,2,50.0,0.001167
MG,REDUTO,REDUTO - MG,100,46,54,46.0,0.029187
MG,RESSAQUINHA,RESSAQUINHA - MG,65,17,48,26.153846,0.018971
MG,RIBEIRAO DAS NEVES,RIBEIRAO DAS NEVES - MG,1069,271,798,25.350795,0.312004
MG,RIBEIRAO VERMELHO,RIBEIRAO VERMELHO - MG,43,8,35,18.604651,0.01255
MG,RIO CASCA,RIO CASCA - MG,151,48,103,31.788079,0.044072
MG,RIO MANSO,RIO MANSO - MG,30,3,27,10.0,0.008756
MG,RIO PIRACICABA,RIO PIRACICABA - MG,3,2,1,66.666667,0.000876
MG,ROMARIA,ROMARIA - MG,36,12,24,33.333333,0.010507
MG,RUBELITA,RUBELITA - MG,26,11,15,42.307692,0.007588
MG,SABARA,SABARA - MG,592,248,344,41.891892,0.172784
MG,SACRAMENTO,SACRAMENTO - MG,54,18,36,33.333333,0.015761
MG,SALINAS,SALINAS - MG,166,57,109,34.337349,0.04845
MG,SANTA BARBARA,SANTA BARBARA - MG,2,1,1,50.0,0.000584
MG,SANTA BARBARA DO LESTE,SANTA BARBARA DO LESTE - MG,139,51,88,36.690647,0.040569
MG,SANTA CRUZ DE SALINAS,SANTA CRUZ DE SALINAS - MG,46,21,25,45.652174,0.013426
MG,SANTA LUZIA,SANTA LUZIA - MG,151,70,81,46.357616,0.044072
MG,SANTA MARGARIDA,SANTA MARGARIDA - MG,2,0,2,0.0,0.000584
MG,SANTA RITA DE CALDAS,SANTA RITA DE CALDAS - MG,24,9,15,37.5,0.007005
MG,SANTA RITA DE MINAS,SANTA RITA DE MINAS - MG,187,70,117,37.433155,0.054579
MG,SANTA VITORIA,SANTA VITORIA - MG,119,28,91,23.529412,0.034732
MG,SANTANA DO PARAISO,SANTANA DO PARAISO - MG,116,47,69,40.517241,0.033856
MG,SANTO ANTONIO DO AMPARO,SANTO ANTONIO DO AMPARO - MG,335,58,277,17.313433,0.097775
MG,SANTO ANTONIO DO GRAMA,SANTO ANTONIO DO GRAMA - MG,16,8,8,50.0,0.00467
MG,SANTOS DUMONT,SANTOS DUMONT - MG,308,79,229,25.649351,0.089894
MG,SAO DOMINGOS DO PRATA,SAO DOMINGOS DO PRATA - MG,146,57,89,39.041096,0.042612
MG,SAO FRANCISCO DO GLORIA,SAO FRANCISCO DO GLORIA - MG,76,19,57,25.0,0.022182
MG,SAO GONCALO DO ABAETE,SAO GONCALO DO ABAETE - MG,136,41,95,30.147059,0.039694
MG,SAO GONCALO DO PARA,SAO GONCALO DO PARA - MG,69,25,44,36.231884,0.020139
MG,SAO GONCALO DO RIO ABAIXO,SAO GONCALO DO RIO ABAIXO - MG,334,134,200,40.11976,0.097483
MG,SAO GONCALO DO SAPUCAI,SAO GONCALO DO SAPUCAI - MG,209,30,179,14.354067,0.061
MG,SAO JOAO DA LAGOA,SAO JOAO DA LAGOA - MG,2,1,1,50.0,0.000584
MG,SAO JOAO DO MANHUACU,SAO JOAO DO MANHUACU - MG,135,56,79,41.481481,0.039402
MG,SAO JOAQUIM DE BICAS,SAO JOAQUIM DE BICAS - MG,217,56,161,25.806452,0.063335
MG,SAO JOSE DO GOIABAL,SAO JOSE DO GOIABAL - MG,1,0,1,0.0,0.000292
MG,SAO SEBASTIAO DA BELA VISTA,SAO SEBASTIAO DA BELA VISTA - MG,179,33,146,18.435754,0.052244
MG,SARZEDO,SARZEDO - MG,1,0,1,0.0,0.000292
MG,SENADOR JOSE BENTO,SENADOR JOSE BENTO - MG,86,26,60,30.232558,0.0251
MG,SERITINGA,SERITINGA - MG,27,6,21,22.222222,0.00788
MG,SETE LAGOAS,SETE LAGOAS - MG,512,118,394,23.046875,0.149435
MG,SIMAO PEREIRA,SIMAO PEREIRA - MG,112,25,87,22.321429,0.032689
MG,TAIOBEIRAS,TAIOBEIRAS - MG,3,1,2,33.333333,0.000876
MG,TARUMIRIM,TARUMIRIM - MG,45,20,25,44.444444,0.013134
MG,TEOFILO OTONI,TEOFILO OTONI - MG,671,265,406,39.493294,0.195842
MG,TIMOTEO,TIMOTEO - MG,47,25,22,53.191489,0.013718
MG,TRES CORACOES,TRES CORACOES - MG,286,67,219,23.426573,0.083473
MG,TRES MARIAS,TRES MARIAS - MG,247,87,160,35.222672,0.072091
MG,UBAPORANGA,UBAPORANGA - MG,171,54,117,31.578947,0.049909
MG,UBERABA,UBERABA - MG,1826,459,1367,25.136911,0.532946
MG,UBERLANDIA,UBERLANDIA - MG,1718,396,1322,23.050058,0.501424
MG,VARJAO DE MINAS,VARJAO DE MINAS - MG,63,22,41,34.920635,0.018388
MG,VARZEA DA PALMA,VARZEA DA PALMA - MG,36,19,17,52.777778,0.010507
MG,VERISSIMO,VERISSIMO - MG,7,1,6,14.285714,0.002043
MS,AGUA CLARA,AGUA CLARA - MS,99,27,72,27.272727,0.028895
MS,ALCINOPOLIS,ALCINOPOLIS - MS,17,8,9,47.058824,0.004962
MS,ANASTACIO,ANASTACIO - MS,141,37,104,26.241135,0.041153
MS,ANAURILANDIA,ANAURILANDIA - MS,3,0,3,0.0,0.000876
MS,APARECIDA DO TABOADO,APARECIDA DO TABOADO - MS,143,39,104,27.272727,0.041737
MS,AQUIDAUANA,AQUIDAUANA - MS,42,14,28,33.333333,0.012258
MS,BANDEIRANTES,BANDEIRANTES - MS,192,52,140,27.083333,0.056038
MS,BATAGUASSU,BATAGUASSU - MS,167,50,117,29.94012,0.048741
MS,BELA VISTA,BELA VISTA - MS,16,11,5,68.75,0.00467
MS,BODOQUENA,BODOQUENA - MS,1,0,1,0.0,0.000292
MS,BRASILANDIA,BRASILANDIA - MS,39,18,21,46.153846,0.011383
MS,CAARAPO,CAARAPO - MS,158,42,116,26.582278,0.046115
MS,CAMAPUA,CAMAPUA - MS,31,12,19,38.709677,0.009048
MS,CAMPO GRANDE,CAMPO GRANDE - MS,1522,479,1043,31.471748,0.444219
MS,CARACOL,CARACOL - MS,15,6,9,40.0,0.004378
MS,CASSILANDIA,CASSILANDIA - MS,51,15,36,29.411765,0.014885
MS,CHAPADAO DO SUL,CHAPADAO DO SUL - MS,24,10,14,41.666667,0.007005
MS,CORUMBA,CORUMBA - MS,138,50,88,36.231884,0.040277
MS,COSTA RICA,COSTA RICA - MS,5,2,3,40.0,0.001459
MS,COXIM,COXIM - MS,205,44,161,21.463415,0.059832
MS,DEODAPOLIS,DEODAPOLIS - MS,23,12,11,52.173913,0.006713
MS,DOIS IRMAOS DO BURITI,DOIS IRMAOS DO BURITI - MS,68,23,45,33.823529,0.019847
MS,DOURADINA,DOURADINA - MS,38,15,23,39.473684,0.011091
MS,DOURADOS,DOURADOS - MS,780,239,541,30.641026,0.227655
MS,ELDORADO,ELDORADO - MS,100,30,70,30.0,0.029187
MS,FATIMA DO SUL,FATIMA DO SUL - MS,39,19,20,48.717949,0.011383
MS,FIGUEIRAO,FIGUEIRAO - MS,1,1,0,100.0,0.000292
MS,GLORIA DE DOURADOS,GLORIA DE DOURADOS - MS,33,15,18,45.454545,0.009632
MS,GUIA LOPES DA LAGUNA,GUIA LOPES DA LAGUNA - MS,47,16,31,34.042553,0.013718
MS,IGUATEMI,IGUATEMI - MS,1,0,1,0.0,0.000292
MS,ITAQUIRAI,ITAQUIRAI - MS,246,85,161,34.552846,0.071799
MS,IVINHEMA,IVINHEMA - MS,122,47,75,38.52459,0.035608
MS,JARAGUARI,JARAGUARI - MS,151,30,121,19.86755,0.044072
MS,JARDIM,JARDIM - MS,162,54,108,33.333333,0.047282
MS,JATEI,JATEI - MS,12,4,8,33.333333,0.003502
MS,JUTI,JUTI - MS,108,27,81,25.0,0.031521
MS,LADARIO,LADARIO - MS,18,4,14,22.222222,0.005254
MS,LAGUNA CARAPA,LAGUNA CARAPA - MS,1,0,1,0.0,0.000292
MS,MARACAJU,MARACAJU - MS,92,37,55,40.217391,0.026852
MS,MIRANDA,MIRANDA - MS,174,57,117,32.758621,0.050785
MS,MUNDO NOVO,MUNDO NOVO - MS,242,60,182,24.793388,0.070631
MS,NAVIRAI,NAVIRAI - MS,113,17,96,15.044248,0.032981
MS,NIOAQUE,NIOAQUE - MS,83,35,48,42.168675,0.024225
MS,NOVA ALVORADA DO SUL,NOVA ALVORADA DO SUL - MS,296,88,208,29.72973,0.086392
MS,NOVA ANDRADINA,NOVA ANDRADINA - MS,138,50,88,36.231884,0.040277
MS,PARAISO DAS AGUAS,PARAISO DAS AGUAS - MS,83,32,51,38.554217,0.024225
MS,PARANAIBA,PARANAIBA - MS,233,49,184,21.030043,0.068005
MS,PEDRO GOMES,PEDRO GOMES - MS,28,8,20,28.571429,0.008172
MS,PONTA PORA,PONTA PORA - MS,186,58,128,31.182796,0.054287
MS,PORTO MURTINHO,PORTO MURTINHO - MS,21,6,15,28.571429,0.006129
MS,RIBAS DO RIO PARDO,RIBAS DO RIO PARDO - MS,240,91,149,37.916667,0.070048
MS,RIO BRILHANTE,RIO BRILHANTE - MS,173,45,128,26.011561,0.050493
MS,RIO NEGRO,RIO NEGRO - MS,1,0,1,0.0,0.000292
MS,RIO VERDE DE MATO GROSSO,RIO VERDE DE MATO GROSSO - MS,255,74,181,29.019608,0.074426
MS,SAO GABRIEL DO OESTE,SAO GABRIEL DO OESTE - MS,229,54,175,23.580786,0.066837
MS,SELVIRIA,SELVIRIA - MS,29,13,16,44.827586,0.008464
MS,SIDROLANDIA,SIDROLANDIA - MS,246,76,170,30.894309,0.071799
MS,SONORA,SONORA - MS,99,29,70,29.292929,0.028895
MS,TERENOS,TERENOS - MS,190,61,129,32.105263,0.055454
MS,TRES LAGOAS,TRES LAGOAS - MS,300,73,227,24.333333,0.08756
MS,VICENTINA,VICENTINA - MS,54,25,29,46.296296,0.015761
MT,ACORIZAL,ACORIZAL - MT,4,2,2,50.0,0.001167
MT,AGUA BOA,AGUA BOA - MT,195,45,150,23.076923,0.056914
MT,ALTO ARAGUAIA,ALTO ARAGUAIA - MT,95,25,70,26.315789,0.027727
MT,ALTO GARCAS,ALTO GARCAS - MT,136,41,95,30.147059,0.039694
MT,BARRA DO GARCAS,BARRA DO GARCAS - MT,755,154,601,20.397351,0.220358
MT,BOM JESUS DO ARAGUAIA,BOM JESUS DO ARAGUAIA - MT,17,12,5,70.588235,0.004962
MT,CACERES,CACERES - MT,398,126,272,31.658291,0.116162
MT,CAMPO NOVO DO PARECIS,CAMPO NOVO DO PARECIS - MT,11,5,6,45.454545,0.003211
MT,CAMPO VERDE,CAMPO VERDE - MT,173,61,112,35.260116,0.050493
MT,CAMPOS DE JULIO,CAMPOS DE JULIO - MT,49,27,22,55.102041,0.014301
MT,CANABRAVA DO NORTE,CANABRAVA DO NORTE - MT,1,0,1,0.0,0.000292
MT,CANARANA,CANARANA - MT,41,11,30,26.829268,0.011966
MT,CLAUDIA,CLAUDIA - MT,77,21,56,27.272727,0.022474
MT,COMODORO,COMODORO - MT,194,57,137,29.381443,0.056622
MT,CONFRESA,CONFRESA - MT,4,1,3,25.0,0.001167
MT,CONQUISTA DOESTE,CONQUISTA DOESTE - MT,71,33,38,46.478873,0.020722
MT,CUIABA,CUIABA - MT,479,126,353,26.304802,0.139803
MT,DIAMANTINO,DIAMANTINO - MT,365,99,266,27.123288,0.106531
MT,DOM AQUINO,DOM AQUINO - MT,53,10,43,18.867925,0.015469
MT,FIGUEIROPOLIS DOESTE,FIGUEIROPOLIS DOESTE - MT,7,2,5,28.571429,0.002043
MT,GENERAL CARNEIRO,GENERAL CARNEIRO - MT,290,66,224,22.758621,0.084641
MT,GLORIA DOESTE,GLORIA DOESTE - MT,26,11,15,42.307692,0.007588
MT,GUARANTA DO NORTE,GUARANTA DO NORTE - MT,235,82,153,34.893617,0.068588
MT,ITAUBA,ITAUBA - MT,136,34,102,25.0,0.039694
MT,ITIQUIRA,ITIQUIRA - MT,97,18,79,18.556701,0.028311
MT,JACIARA,JACIARA - MT,478,139,339,29.079498,0.139512
MT,JANGADA,JANGADA - MT,151,47,104,31.125828,0.044072
MT,JAURU,JAURU - MT,22,11,11,50.0,0.006421
MT,JUINA,JUINA - MT,3,1,2,33.333333,0.000876
MT,JUSCIMEIRA,JUSCIMEIRA - MT,171,36,135,21.052632,0.049909
MT,LUCAS DO RIO VERDE,LUCAS DO RIO VERDE - MT,297,79,218,26.599327,0.086684
MT,MATUPA,MATUPA - MT,165,64,101,38.787879,0.048158
MT,MIRASSOL DOESTE,MIRASSOL DOESTE - MT,53,19,34,35.849057,0.015469
MT,NOBRES,NOBRES - MT,119,24,95,20.168067,0.034732
MT,NORTELANDIA,NORTELANDIA - MT,1,0,1,0.0,0.000292
MT,NOSSA SENHORA DO LIVRAMENTO,NOSSA SENHORA DO LIVRAMENTO - MT,77,30,47,38.961039,0.022474
MT,NOVA LACERDA,NOVA LACERDA - MT,41,17,24,41.463415,0.011966
MT,NOVA MARILANDIA,NOVA MARILANDIA - MT,2,1,1,50.0,0.000584
MT,NOVA MUTUM,NOVA MUTUM - MT,426,115,311,26.995305,0.124335
MT,NOVA NAZARE,NOVA NAZARE - MT,7,1,6,14.285714,0.002043
MT,NOVA SANTA HELENA,NOVA SANTA HELENA - MT,73,17,56,23.287671,0.021306
MT,NOVA UBIRATA,NOVA UBIRATA - MT,2,1,1,50.0,0.000584
MT,NOVA XAVANTINA,NOVA XAVANTINA - MT,93,34,59,36.55914,0.027143
MT,NOVO SAO JOAQUIM,NOVO SAO JOAQUIM - MT,1,0,1,0.0,0.000292
MT,PEDRA PRETA,PEDRA PRETA - MT,194,64,130,32.989691,0.056622
MT,PEIXOTO DE AZEVEDO,PEIXOTO DE AZEVEDO - MT,110,44,66,40.0,0.032105
MT,POCONE,POCONE - MT,104,32,72,30.769231,0.030354
MT,PONTAL DO ARAGUAIA,PONTAL DO ARAGUAIA - MT,17,3,14,17.647059,0.004962
MT,PONTES E LACERDA,PONTES E LACERDA - MT,371,108,263,29.110512,0.108282
MT,PORTO ALEGRE DO NORTE,PORTO ALEGRE DO NORTE - MT,4,1,3,25.0,0.001167
MT,PORTO ESPERIDIAO,PORTO ESPERIDIAO - MT,53,24,29,45.283019,0.015469
MT,POXOREO,POXOREO - MT,54,12,42,22.222222,0.015761
MT,POXOREU,POXOREU - MT,17,6,11,35.294118,0.004962
MT,PRIMAVERA DO LESTE,PRIMAVERA DO LESTE - MT,275,65,210,23.636364,0.080263
MT,RIBEIRAO CASCALHEIRA,RIBEIRAO CASCALHEIRA - MT,58,28,30,48.275862,0.016928
MT,RONDONOPOLIS,RONDONOPOLIS - MT,921,209,712,22.692725,0.268808
MT,ROSARIO OESTE,ROSARIO OESTE - MT,178,58,120,32.58427,0.051952
MT,SANTO ANTONIO DO LEVERGER,SANTO ANTONIO DO LEVERGER - MT,469,139,330,29.637527,0.136885
MT,SAO FELIX DO ARAGUAIA,SAO FELIX DO ARAGUAIA - MT,1,0,1,0.0,0.000292
MT,SAO PEDRO DA CIPA,SAO PEDRO DA CIPA - MT,38,8,30,21.052632,0.011091
MT,SAPEZAL,SAPEZAL - MT,14,6,8,42.857143,0.004086
MT,SINOP,SINOP - MT,1141,319,822,27.957932,0.333018
MT,SORRISO,SORRISO - MT,680,198,482,29.117647,0.198468
MT,TANGARA DA SERRA,TANGARA DA SERRA - MT,2,2,0,100.0,0.000584
MT,TERRA NOVA DO NORTE,TERRA NOVA DO NORTE - MT,160,52,108,32.5,0.046698
MT,VALE DE SAO DOMINGOS,VALE DE SAO DOMINGOS - MT,25,7,18,28.0,0.007297
MT,VARZEA GRANDE,VARZEA GRANDE - MT,741,225,516,30.364372,0.216272
MT,VERA,VERA - MT,83,18,65,21.686747,0.024225
MT,VILA BELA DA SANTISSIMA TRINDADE,VILA BELA DA SANTISSIMA TRINDADE - MT,16,6,10,37.5,0.00467
MT,VILA RICA,VILA RICA - MT,9,2,7,22.222222,0.002627
PA,ABEL FIGUEIREDO,ABEL FIGUEIREDO - PA,7,3,4,42.857143,0.002043
PA,AGUA AZUL DO NORTE,AGUA AZUL DO NORTE - PA,1,0,1,0.0,0.000292
PA,ALMEIRIM,ALMEIRIM - PA,1,0,1,0.0,0.000292
PA,ALTAMIRA,ALTAMIRA - PA,232,81,151,34.913793,0.067713
PA,ANANINDEUA,ANANINDEUA - PA,9,4,5,44.444444,0.002627
PA,ANAPU,ANAPU - PA,37,21,16,56.756757,0.010799
PA,AUGUSTO CORREA,AUGUSTO CORREA - PA,6,5,1,83.333333,0.001751
PA,AURORA DO PARA,AURORA DO PARA - PA,45,29,16,64.444444,0.013134
PA,BELEM,BELEM - PA,10,2,8,20.0,0.002919
PA,BELTERRA,BELTERRA - PA,70,33,37,47.142857,0.020431
PA,BENEVIDES,BENEVIDES - PA,161,66,95,40.993789,0.04699
PA,BOM JESUS DO TOCANTINS,BOM JESUS DO TOCANTINS - PA,24,13,11,54.166667,0.007005
PA,BONITO,BONITO - PA,1,0,1,0.0,0.000292
PA,BRAGANCA,BRAGANCA - PA,34,21,13,61.764706,0.009923
PA,BRASIL NOVO,BRASIL NOVO - PA,24,13,11,54.166667,0.007005
PA,BREJO GRANDE DO ARAGUAIA,BREJO GRANDE DO ARAGUAIA - PA,9,7,2,77.777778,0.002627
PA,CACHOEIRA DO PIRIA,CACHOEIRA DO PIRIA - PA,28,17,11,60.714286,0.008172
PA,CAPANEMA,CAPANEMA - PA,127,75,52,59.055118,0.037067
PA,CASTANHAL,CASTANHAL - PA,381,152,229,39.895013,0.111201
PA,DOM ELISEU,DOM ELISEU - PA,208,112,96,53.846154,0.060708
PA,ELDORADO DO CARAJAS,ELDORADO DO CARAJAS - PA,62,31,31,50.0,0.018096
PA,GARRAFAO DO NORTE,GARRAFAO DO NORTE - PA,1,0,1,0.0,0.000292
PA,IGARAPE-ACU,IGARAPE-ACU - PA,16,5,11,31.25,0.00467
PA,IPIXUNA DO PARA,IPIXUNA DO PARA - PA,91,39,52,42.857143,0.02656
PA,IRITUIA,IRITUIA - PA,44,32,12,72.727273,0.012842
PA,ITAITUBA,ITAITUBA - PA,295,108,187,36.610169,0.0861
PA,ITUPIRANGA,ITUPIRANGA - PA,29,25,4,86.206897,0.008464
PA,JACAREACANGA,JACAREACANGA - PA,2,0,2,0.0,0.000584
PA,MAE DO RIO,MAE DO RIO - PA,48,25,23,52.083333,0.01401
PA,MARABA,MARABA - PA,777,272,505,35.006435,0.226779
PA,MARITUBA,MARITUBA - PA,8,1,7,12.5,0.002335
PA,MEDICILANDIA,MEDICILANDIA - PA,65,40,25,61.538462,0.018971
PA,MOJUI DOS CAMPOS,MOJUI DOS CAMPOS - PA,1,0,1,0.0,0.000292
PA,NOVA TIMBOTEUA,NOVA TIMBOTEUA - PA,19,10,9,52.631579,0.005545
PA,NOVO PROGRESSO,NOVO PROGRESSO - PA,155,50,105,32.258065,0.045239
PA,NOVO REPARTIMENTO,NOVO REPARTIMENTO - PA,17,9,8,52.941176,0.004962
PA,PACAJA,PACAJA - PA,23,18,5,78.26087,0.006713
PA,PALESTINA DO PARA,PALESTINA DO PARA - PA,2,0,2,0.0,0.000584
PA,PARAGOMINAS,PARAGOMINAS - PA,90,42,48,46.666667,0.026268
PA,PAU DARCO,PAU DARCO - PA,1,0,1,0.0,0.000292
PA,PEIXE-BOI,PEIXE-BOI - PA,23,12,11,52.173913,0.006713
PA,PLACAS,PLACAS - PA,9,5,4,55.555556,0.002627
PA,REDENCAO,REDENCAO - PA,3,0,3,0.0,0.000876
PA,RIO MARIA,RIO MARIA - PA,6,0,6,0.0,0.001751
PA,RONDON DO PARA,RONDON DO PARA - PA,35,24,11,68.571429,0.010215
PA,RUROPOLIS,RUROPOLIS - PA,11,5,6,45.454545,0.003211
PA,SANTA IZABEL DO PARA,SANTA IZABEL DO PARA - PA,230,83,147,36.086957,0.067129
PA,SANTA LUZIA DO PARA,SANTA LUZIA DO PARA - PA,35,23,12,65.714286,0.010215
PA,SANTA MARIA DO PARA,SANTA MARIA DO PARA - PA,226,101,125,44.690265,0.065962
PA,SANTANA DO ARAGUAIA,SANTANA DO ARAGUAIA - PA,6,4,2,66.666667,0.001751
PA,SANTAREM,SANTAREM - PA,254,85,169,33.464567,0.074134
PA,SAO CAETANO DE ODIVELAS,SAO CAETANO DE ODIVELAS - PA,1,0,1,0.0,0.000292
PA,SAO DOMINGOS DO ARAGUAIA,SAO DOMINGOS DO ARAGUAIA - PA,32,25,7,78.125,0.00934
PA,SAO FELIX DO XINGU,SAO FELIX DO XINGU - PA,1,0,1,0.0,0.000292
PA,SAO FRANCISCO DO PARA,SAO FRANCISCO DO PARA - PA,116,63,53,54.310345,0.033856
PA,SAO GERALDO DO ARAGUAIA,SAO GERALDO DO ARAGUAIA - PA,11,10,1,90.909091,0.003211
PA,SAO JOAO DO ARAGUAIA,SAO JOAO DO ARAGUAIA - PA,70,38,32,54.285714,0.020431
PA,SAO MIGUEL DO GUAMA,SAO MIGUEL DO GUAMA - PA,61,32,29,52.459016,0.017804
PA,SAPUCAIA,SAPUCAIA - PA,1,0,1,0.0,0.000292
PA,TAILANDIA,TAILANDIA - PA,1,0,1,0.0,0.000292
PA,TOME-ACU,TOME-ACU - PA,1,0,1,0.0,0.000292
PA,TRACUATEUA,TRACUATEUA - PA,36,21,15,58.333333,0.010507
PA,TRAIRAO,TRAIRAO - PA,187,68,119,36.363636,0.054579
PA,TUCUMA,TUCUMA - PA,1,0,1,0.0,0.000292
PA,TUCURUI,TUCURUI - PA,2,2,0,100.0,0.000584
PA,ULIANOPOLIS,ULIANOPOLIS - PA,56,39,17,69.642857,0.016344
PA,URUARA,URUARA - PA,16,8,8,50.0,0.00467
PA,VISEU,VISEU - PA,12,7,5,58.333333,0.003502
PA,VITORIA DO XINGU,VITORIA DO XINGU - PA,50,15,35,30.0,0.014593
PA,XINGUARA,XINGUARA - PA,12,6,6,50.0,0.003502
PB,ALCANTIL,ALCANTIL - PB,33,18,15,54.545455,0.009632
PB,ALGODAO DE JANDAIRA,ALGODAO DE JANDAIRA - PB,2,0,2,0.0,0.000584
PB,ALHANDRA,ALHANDRA - PB,180,51,129,28.333333,0.052536
PB,APARECIDA,APARECIDA - PB,40,24,16,60.0,0.011675
PB,AREIAL,AREIAL - PB,1,0,1,0.0,0.000292
PB,ASSUNCAO,ASSUNCAO - PB,3,2,1,66.666667,0.000876
PB,BARRA DE SANTA ROSA,BARRA DE SANTA ROSA - PB,20,12,8,60.0,0.005837
PB,BARRA DE SANTANA,BARRA DE SANTANA - PB,22,5,17,22.727273,0.006421
PB,BAYEUX,BAYEUX - PB,507,115,392,22.682446,0.147976
PB,BOA VISTA,BOA VISTA - PB,21,9,12,42.857143,0.006129
PB,BOM JESUS,BOM JESUS - PB,10,3,7,30.0,0.002919
PB,CAAPORA,CAAPORA - PB,125,33,92,26.4,0.036483
PB,CABEDELO,CABEDELO - PB,722,195,527,27.00831,0.210727
PB,CACHOEIRA DOS INDIOS,CACHOEIRA DOS INDIOS - PB,41,14,27,34.146341,0.011966
PB,CAJAZEIRAS,CAJAZEIRAS - PB,155,79,76,50.967742,0.045239
PB,CALDAS BRANDAO,CALDAS BRANDAO - PB,32,17,15,53.125,0.00934
PB,CAMPINA GRANDE,CAMPINA GRANDE - PB,852,255,597,29.929577,0.248669
PB,CAPIM,CAPIM - PB,4,2,2,50.0,0.001167
PB,CATINGUEIRA,CATINGUEIRA - PB,21,13,8,61.904762,0.006129
PB,CONDADO,CONDADO - PB,29,15,14,51.724138,0.008464
PB,CONDE,CONDE - PB,139,40,99,28.776978,0.040569
PB,CRUZ DO ESPIRITO SANTO,CRUZ DO ESPIRITO SANTO - PB,127,40,87,31.496063,0.037067
PB,CUITE,CUITE - PB,18,13,5,72.222222,0.005254
PB,EMAS,EMAS - PB,1,1,0,100.0,0.000292
PB,ESPERANCA,ESPERANCA - PB,43,19,24,44.186047,0.01255
PB,GURINHEM,GURINHEM - PB,87,33,54,37.931034,0.025392
PB,INGA,INGA - PB,81,17,64,20.987654,0.023641
PB,ITAPORANGA,ITAPORANGA - PB,16,9,7,56.25,0.00467
PB,JOAO PESSOA,JOAO PESSOA - PB,2072,593,1479,28.619691,0.604745
PB,JOCA CLAUDINO,JOCA CLAUDINO - PB,3,3,0,100.0,0.000876
PB,JUAZEIRINHO,JUAZEIRINHO - PB,77,39,38,50.649351,0.022474
PB,JUNCO DO SERIDO,JUNCO DO SERIDO - PB,28,13,15,46.428571,0.008172
PB,LAGOA SECA,LAGOA SECA - PB,132,47,85,35.606061,0.038526
PB,MALTA,MALTA - PB,29,14,15,48.275862,0.008464
PB,MAMANGUAPE,MAMANGUAPE - PB,202,67,135,33.168317,0.058957
PB,MARIZOPOLIS,MARIZOPOLIS - PB,37,28,9,75.675676,0.010799
PB,MASSARANDUBA,MASSARANDUBA - PB,91,20,71,21.978022,0.02656
PB,MATARACA,MATARACA - PB,29,8,21,27.586207,0.008464
PB,MOGEIRO,MOGEIRO - PB,17,3,14,17.647059,0.004962
PB,MONTEIRO,MONTEIRO - PB,47,31,16,65.957447,0.013718
PB,NOVA FLORESTA,NOVA FLORESTA - PB,7,5,2,71.428571,0.002043
PB,OLHO DAGUA,OLHO DAGUA - PB,11,8,3,72.727273,0.003211
PB,OLIVEDOS,OLIVEDOS - PB,6,3,3,50.0,0.001751
PB,PATOS,PATOS - PB,233,101,132,43.347639,0.068005
PB,PAULISTA,PAULISTA - PB,9,4,5,44.444444,0.002627
PB,PEDRAS DE FOGO,PEDRAS DE FOGO - PB,24,3,21,12.5,0.007005
PB,PIANCO,PIANCO - PB,32,21,11,65.625,0.00934
PB,POCINHOS,POCINHOS - PB,57,14,43,24.561404,0.016636
PB,POCO DE JOSE DE MOURA,POCO DE JOSE DE MOURA - PB,1,1,0,100.0,0.000292
PB,POMBAL,POMBAL - PB,122,57,65,46.721311,0.035608
PB,PUXINANA,PUXINANA - PB,1,0,1,0.0,0.000292
PB,QUEIMADAS,QUEIMADAS - PB,204,83,121,40.686275,0.05954
PB,QUIXABA,QUIXABA - PB,9,4,5,44.444444,0.002627
PB,REMIGIO,REMIGIO - PB,25,14,11,56.0,0.007297
PB,RIACHAO DO BACAMARTE,RIACHAO DO BACAMARTE - PB,92,27,65,29.347826,0.026852
PB,RIACHAO DO POCO,RIACHAO DO POCO - PB,31,11,20,35.483871,0.009048
PB,RIO TINTO,RIO TINTO - PB,70,20,50,28.571429,0.020431
PB,SANTA LUZIA,SANTA LUZIA - PB,109,34,75,31.192661,0.031813
PB,SANTA RITA,SANTA RITA - PB,575,175,400,30.434783,0.167822
PB,SANTA TERESINHA,SANTA TERESINHA - PB,34,16,18,47.058824,0.009923
PB,SANTANA DOS GARROTES,SANTANA DOS GARROTES - PB,1,1,0,100.0,0.000292
PB,SAO BENTINHO,SAO BENTINHO - PB,22,13,9,59.090909,0.006421
PB,SAO DOMINGOS,SAO DOMINGOS - PB,6,4,2,66.666667,0.001751
PB,SAO JOAO DO CARIRI,SAO JOAO DO CARIRI - PB,26,10,16,38.461538,0.007588
PB,SAO JOAO DO RIO DO PEIXE,SAO JOAO DO RIO DO PEIXE - PB,54,27,27,50.0,0.015761
PB,SAO JOSE DE ESPINHARAS,SAO JOSE DE ESPINHARAS - PB,9,5,4,55.555556,0.002627
PB,SAO MAMEDE,SAO MAMEDE - PB,46,11,35,23.913043,0.013426
PB,SAO MIGUEL DE TAIPU,SAO MIGUEL DE TAIPU - PB,35,10,25,28.571429,0.010215
PB,SAO SEBASTIAO DE LAGOA DE  ROCA,SAO SEBASTIAO DE LAGOA DE  ROCA - PB,50,25,25,50.0,0.014593
PB,SERRA BRANCA,SERRA BRANCA - PB,24,14,10,58.333333,0.007005
PB,SOBRADO,SOBRADO - PB,88,28,60,31.818182,0.025684
PB,SOLEDADE,SOLEDADE - PB,64,15,49,23.4375,0.018679
PB,SOSSEGO,SOSSEGO - PB,1,1,0,100.0,0.000292
PB,SOUSA,SOUSA - PB,132,73,59,55.30303,0.038526
PB,SUME,SUME - PB,30,16,14,53.333333,0.008756
PB,TENORIO,TENORIO - PB,6,0,6,0.0,0.001751
PB,UIRAUNA,UIRAUNA - PB,36,22,14,61.111111,0.010507
PB,VISTA SERRANA,VISTA SERRANA - PB,1,0,1,0.0,0.000292
PE,ABREU E LIMA,ABREU E LIMA - PE,424,120,304,28.301887,0.123751
PE,AFRANIO,AFRANIO - PE,30,17,13,56.666667,0.008756
PE,AGRESTINA,AGRESTINA - PE,109,50,59,45.87156,0.031813
PE,AGUA PRETA,AGUA PRETA - PE,34,8,26,23.529412,0.009923
PE,AGUAS BELAS,AGUAS BELAS - PE,35,21,14,60.0,0.010215
PE,ALIANCA,ALIANCA - PE,39,20,19,51.282051,0.011383
PE,ARARIPINA,ARARIPINA - PE,127,72,55,56.692913,0.037067
PE,ARCOVERDE,ARCOVERDE - PE,191,93,98,48.691099,0.055746
PE,BELEM DE SAO FRANCISCO,BELEM DE SAO FRANCISCO - PE,80,24,56,30.0,0.023349
PE,BELO JARDIM,BELO JARDIM - PE,142,80,62,56.338028,0.041445
PE,BEZERROS,BEZERROS - PE,202,87,115,43.069307,0.058957
PE,BODOCO,BODOCO - PE,10,4,6,40.0,0.002919
PE,BREJAO,BREJAO - PE,15,5,10,33.333333,0.004378
PE,BUIQUE,BUIQUE - PE,1,0,1,0.0,0.000292
PE,CABO DE SANTO AGOSTINHO,CABO DE SANTO AGOSTINHO - PE,270,79,191,29.259259,0.078804
PE,CABROBO,CABROBO - PE,91,43,48,47.252747,0.02656
PE,CACHOEIRINHA,CACHOEIRINHA - PE,46,28,18,60.869565,0.013426
PE,CAETES,CAETES - PE,103,64,39,62.135922,0.030062
PE,CALCADO,CALCADO - PE,11,8,3,72.727273,0.003211
PE,CALUMBI,CALUMBI - PE,10,4,6,40.0,0.002919
PE,CAMARAGIBE,CAMARAGIBE - PE,2,0,2,0.0,0.000584
PE,CAPOEIRAS,CAPOEIRAS - PE,1,1,0,100.0,0.000292
PE,CARPINA,CARPINA - PE,50,22,28,44.0,0.014593
PE,CARUARU,CARUARU - PE,916,254,662,27.729258,0.267348
PE,CHA GRANDE,CHA GRANDE - PE,2,0,2,0.0,0.000584
PE,CORRENTES,CORRENTES - PE,6,4,2,66.666667,0.001751
PE,CUPIRA,CUPIRA - PE,23,16,7,69.565217,0.006713
PE,CUSTODIA,CUSTODIA - PE,85,53,32,62.352941,0.024809
PE,ESCADA,ESCADA - PE,137,51,86,37.226277,0.039986
PE,FERNANDO DE NORONHA,FERNANDO DE NORONHA - PE,1,0,1,0.0,0.000292
PE,FLORES,FLORES - PE,39,17,22,43.589744,0.011383
PE,FLORESTA,FLORESTA - PE,41,17,24,41.463415,0.011966
PE,GAMELEIRA,GAMELEIRA - PE,34,10,24,29.411765,0.009923
PE,GARANHUNS,GARANHUNS - PE,460,183,277,39.782609,0.134258
PE,GOIANA,GOIANA - PE,231,79,152,34.199134,0.067421
PE,GRAVATA,GRAVATA - PE,396,151,245,38.131313,0.115579
PE,IATI,IATI - PE,16,10,6,62.5,0.00467
PE,IBIMIRIM,IBIMIRIM - PE,17,3,14,17.647059,0.004962
PE,IGARASSU,IGARASSU - PE,802,216,586,26.932668,0.234076
PE,INAJA,INAJA - PE,2,0,2,0.0,0.000584
PE,IPOJUCA,IPOJUCA - PE,61,16,45,26.229508,0.017804
PE,ITACURUBA,ITACURUBA - PE,6,4,2,66.666667,0.001751
PE,ITAIBA,ITAIBA - PE,4,1,3,25.0,0.001167
PE,ITAPISSUMA,ITAPISSUMA - PE,91,36,55,39.56044,0.02656
PE,JABOATAO DOS GUARARAPES,JABOATAO DOS GUARARAPES - PE,1074,288,786,26.815642,0.313463
PE,JATOBA,JATOBA - PE,26,15,11,57.692308,0.007588
PE,JOAQUIM NABUCO,JOAQUIM NABUCO - PE,35,17,18,48.571429,0.010215
PE,JUCATI,JUCATI - PE,65,27,38,41.538462,0.018971
PE,JUPI,JUPI - PE,73,33,40,45.205479,0.021306
PE,LAGOA GRANDE,LAGOA GRANDE - PE,24,12,12,50.0,0.007005
PE,LAJEDO,LAJEDO - PE,101,55,46,54.455446,0.029478
PE,MIRANDIBA,MIRANDIBA - PE,17,9,8,52.941176,0.004962
PE,MORENO,MORENO - PE,256,72,184,28.125,0.074717
PE,NAZARE DA MATA,NAZARE DA MATA - PE,49,25,24,51.020408,0.014301
PE,OROCO,OROCO - PE,27,12,15,44.444444,0.00788
PE,OURICURI,OURICURI - PE,103,62,41,60.194175,0.030062
PE,PALMARES,PALMARES - PE,110,41,69,37.272727,0.032105
PE,PANELAS,PANELAS - PE,55,36,19,65.454545,0.016053
PE,PARANATAMA,PARANATAMA - PE,51,26,25,50.980392,0.014885
PE,PARNAMIRIM,PARNAMIRIM - PE,35,17,18,48.571429,0.010215
PE,PAUDALHO,PAUDALHO - PE,175,67,108,38.285714,0.051076
PE,PAULISTA,PAULISTA - PE,278,102,176,36.690647,0.081139
PE,PEDRA,PEDRA - PE,35,21,14,60.0,0.010215
PE,PESQUEIRA,PESQUEIRA - PE,138,89,49,64.492754,0.040277
PE,PETROLANDIA,PETROLANDIA - PE,40,26,14,65.0,0.011675
PE,PETROLINA,PETROLINA - PE,1202,347,855,28.868552,0.350822
PE,POMBOS,POMBOS - PE,189,91,98,48.148148,0.055163
PE,QUIPAPA,QUIPAPA - PE,16,9,7,56.25,0.00467
PE,RECIFE,RECIFE - PE,2763,765,1998,27.687296,0.806423
PE,RIBEIRAO,RIBEIRAO - PE,115,34,81,29.565217,0.033564
PE,SAIRE,SAIRE - PE,72,30,42,41.666667,0.021014
PE,SALGUEIRO,SALGUEIRO - PE,264,114,150,43.181818,0.077052
PE,SALOA,SALOA - PE,30,16,14,53.333333,0.008756
PE,SANHARO,SANHARO - PE,81,54,27,66.666667,0.023641
PE,SANTA MARIA DA BOA VISTA,SANTA MARIA DA BOA VISTA - PE,90,37,53,41.111111,0.026268
PE,SAO CAITANO,SAO CAITANO - PE,190,81,109,42.631579,0.055454
PE,SAO JOAO,SAO JOAO - PE,21,11,10,52.380952,0.006129
PE,SAO JOSE DO BELMONTE,SAO JOSE DO BELMONTE - PE,31,11,20,35.483871,0.009048
PE,SAO LOURENCO DA MATA,SAO LOURENCO DA MATA - PE,208,59,149,28.365385,0.060708
PE,SERRA TALHADA,SERRA TALHADA - PE,405,152,253,37.530864,0.118205
PE,SERTANIA,SERTANIA - PE,111,46,65,41.441441,0.032397
PE,TACAIMBO,TACAIMBO - PE,63,33,30,52.380952,0.018388
PE,TACARATU,TACARATU - PE,2,2,0,100.0,0.000584
PE,TAQUARITINGA DO NORTE,TAQUARITINGA DO NORTE - PE,89,42,47,47.191011,0.025976
PE,TERRA NOVA,TERRA NOVA - PE,13,5,8,38.461538,0.003794
PE,TIMBAUBA,TIMBAUBA - PE,23,14,9,60.869565,0.006713
PE,TORITAMA,TORITAMA - PE,71,35,36,49.295775,0.020722
PE,TRACUNHAEM,TRACUNHAEM - PE,21,9,12,42.857143,0.006129
PE,TRINDADE,TRINDADE - PE,64,36,28,56.25,0.018679
PE,VENTUROSA,VENTUROSA - PE,30,17,13,56.666667,0.008756
PE,VERDEJANTE,VERDEJANTE - PE,30,19,11,63.333333,0.008756
PE,VITORIA DE SANTO ANTAO,VITORIA DE SANTO ANTAO - PE,141,44,97,31.205674,0.041153
PE,XEXEU,XEXEU - PE,54,18,36,33.333333,0.015761
PI,ACAUA,ACAUA - PI,16,11,5,68.75,0.00467
PI,AGUA BRANCA,AGUA BRANCA - PI,16,10,6,62.5,0.00467
PI,ALEGRETE DO PIAUI,ALEGRETE DO PIAUI - PI,22,8,14,36.363636,0.006421
PI,ALTOS,ALTOS - PI,357,170,187,47.619048,0.104196
PI,ALVORADA DO GURGUEIA,ALVORADA DO GURGUEIA - PI,23,16,7,69.565217,0.006713
PI,AMARANTE,AMARANTE - PI,56,20,36,35.714286,0.016344
PI,ANGICAL DO PIAUI,ANGICAL DO PIAUI - PI,37,23,14,62.162162,0.010799
PI,BARRO DURO,BARRO DURO - PI,42,19,23,45.238095,0.012258
PI,BATALHA,BATALHA - PI,19,15,4,78.947368,0.005545
PI,BERTOLINIA,BERTOLINIA - PI,41,19,22,46.341463,0.011966
PI,BOM JESUS,BOM JESUS - PI,113,40,73,35.39823,0.032981
PI,BOM PRINCIPIO DO PIAUI,BOM PRINCIPIO DO PIAUI - PI,1,0,1,0.0,0.000292
PI,BRASILEIRA,BRASILEIRA - PI,36,19,17,52.777778,0.010507
PI,BURITI DOS LOPES,BURITI DOS LOPES - PI,89,28,61,31.460674,0.025976
PI,CAJUEIRO DA PRAIA,CAJUEIRO DA PRAIA - PI,8,5,3,62.5,0.002335
PI,CAMPO GRANDE DO PIAUI,CAMPO GRANDE DO PIAUI - PI,25,15,10,60.0,0.007297
PI,CAMPO MAIOR,CAMPO MAIOR - PI,231,98,133,42.424242,0.067421
PI,CANAVIEIRA,CANAVIEIRA - PI,3,1,2,33.333333,0.000876
PI,CAPITAO DE CAMPOS,CAPITAO DE CAMPOS - PI,30,11,19,36.666667,0.008756
PI,CARAUBAS DO PIAUI,CARAUBAS DO PIAUI - PI,8,2,6,25.0,0.002335
PI,CAXINGO,CAXINGO - PI,3,1,2,33.333333,0.000876
PI,COCAL,COCAL - PI,10,4,6,40.0,0.002919
PI,COCAL DE TELHA,COCAL DE TELHA - PI,28,9,19,32.142857,0.008172
PI,COLONIA DO GURGUEIA,COLONIA DO GURGUEIA - PI,14,10,4,71.428571,0.004086
PI,CORRENTE,CORRENTE - PI,42,23,19,54.761905,0.012258
PI,CRISTALANDIA DO PIAUI,CRISTALANDIA DO PIAUI - PI,16,8,8,50.0,0.00467
PI,CRISTINO CASTRO,CRISTINO CASTRO - PI,50,25,25,50.0,0.014593
PI,DEMERVAL LOBAO,DEMERVAL LOBAO - PI,126,45,81,35.714286,0.036775
PI,DOM EXPEDITO LOPES,DOM EXPEDITO LOPES - PI,57,24,33,42.105263,0.016636
PI,ELESBAO VELOSO,ELESBAO VELOSO - PI,39,18,21,46.153846,0.011383
PI,ELISEU MARTINS,ELISEU MARTINS - PI,13,8,5,61.538462,0.003794
PI,ESPERANTINA,ESPERANTINA - PI,2,1,1,50.0,0.000584
PI,FLORIANO,FLORIANO - PI,426,191,235,44.835681,0.124335
PI,FRANCISCO AYRES,FRANCISCO AYRES - PI,7,4,3,57.142857,0.002043
PI,FRANCISCO MACEDO,FRANCISCO MACEDO - PI,13,6,7,46.153846,0.003794
PI,FRANCISCO SANTOS,FRANCISCO SANTOS - PI,15,7,8,46.666667,0.004378
PI,FRONTEIRAS,FRONTEIRAS - PI,19,12,7,63.157895,0.005545
PI,GEMINIANO,GEMINIANO - PI,68,36,32,52.941176,0.019847
PI,GILBUES,GILBUES - PI,25,16,9,64.0,0.007297
PI,INHUMA,INHUMA - PI,41,19,22,46.341463,0.011966
PI,IPIRANGA DO PIAUI,IPIRANGA DO PIAUI - PI,35,16,19,45.714286,0.010215
PI,JACOBINA DO PIAUI,JACOBINA DO PIAUI - PI,12,7,5,58.333333,0.003502
PI,JAICOS,JAICOS - PI,40,25,15,62.5,0.011675
PI,JERUMENHA,JERUMENHA - PI,20,7,13,35.0,0.005837
PI,LAGOA DO PIAUI,LAGOA DO PIAUI - PI,65,33,32,50.769231,0.018971
PI,LAGOINHA DO PIAUI,LAGOINHA DO PIAUI - PI,40,25,15,62.5,0.011675
PI,LUIS CORREIA,LUIS CORREIA - PI,51,24,27,47.058824,0.014885
PI,MANOEL EMIDIO,MANOEL EMIDIO - PI,17,8,9,47.058824,0.004962
PI,MARCOLANDIA,MARCOLANDIA - PI,26,11,15,42.307692,0.007588
PI,MIGUEL LEAO,MIGUEL LEAO - PI,7,3,4,42.857143,0.002043
PI,MONSENHOR GIL,MONSENHOR GIL - PI,82,36,46,43.902439,0.023933
PI,MONSENHOR HIPOLITO,MONSENHOR HIPOLITO - PI,5,5,0,100.0,0.001459
PI,MONTE ALEGRE DO PIAUI,MONTE ALEGRE DO PIAUI - PI,80,39,41,48.75,0.023349
PI,NAZARE DO PIAUI,NAZARE DO PIAUI - PI,20,8,12,40.0,0.005837
PI,NOSSA SENHORA DE NAZARE,NOSSA SENHORA DE NAZARE - PI,1,1,0,100.0,0.000292
PI,OEIRAS,OEIRAS - PI,124,69,55,55.645161,0.036191
PI,OLHO DAGUA DO PIAUI,OLHO DAGUA DO PIAUI - PI,10,4,6,40.0,0.002919
PI,PARNAIBA,PARNAIBA - PI,440,149,291,33.863636,0.128421
PI,PASSAGEM FRANCA DO PIAUI,PASSAGEM FRANCA DO PIAUI - PI,36,20,16,55.555556,0.010507
PI,PATOS DO PIAUI,PATOS DO PIAUI - PI,22,8,14,36.363636,0.006421
PI,PAULISTANA,PAULISTANA - PI,29,16,13,55.172414,0.008464
PI,PICOS,PICOS - PI,572,240,332,41.958042,0.166947
PI,PIO IX,PIO IX - PI,17,10,7,58.823529,0.004962
PI,PIRACURUCA,PIRACURUCA - PI,52,25,27,48.076923,0.015177
PI,PIRIPIRI,PIRIPIRI - PI,181,69,112,38.121547,0.052828
PI,REDENCAO DO GURGUEIA,REDENCAO DO GURGUEIA - PI,24,8,16,33.333333,0.007005
PI,REGENERACAO,REGENERACAO - PI,10,5,5,50.0,0.002919
PI,SANTA FILOMENA,SANTA FILOMENA - PI,16,10,6,62.5,0.00467
PI,SANTA LUZ,SANTA LUZ - PI,25,9,16,36.0,0.007297
PI,SANTO ANTONIO DE LISBOA,SANTO ANTONIO DE LISBOA - PI,11,5,6,45.454545,0.003211
PI,SAO FRANCISCO DO PIAUI,SAO FRANCISCO DO PIAUI - PI,4,4,0,100.0,0.001167
PI,SAO GONCALO DO GURGUEIA,SAO GONCALO DO GURGUEIA - PI,53,19,34,35.849057,0.015469
PI,SAO JOAO DA FRONTEIRA,SAO JOAO DA FRONTEIRA - PI,33,13,20,39.393939,0.009632
PI,SAO JOAO DA VARJOTA,SAO JOAO DA VARJOTA - PI,21,10,11,47.619048,0.006129
PI,SAO JOAO DO ARRAIAL,SAO JOAO DO ARRAIAL - PI,1,1,0,100.0,0.000292
PI,SAO JOAO DO PIAUI,SAO JOAO DO PIAUI - PI,1,0,1,0.0,0.000292
PI,SAO JOSE DO DIVINO,SAO JOSE DO DIVINO - PI,1,0,1,0.0,0.000292
PI,SAO JULIAO,SAO JULIAO - PI,2,1,1,50.0,0.000584
PI,SAO PEDRO DO PIAUI,SAO PEDRO DO PIAUI - PI,22,12,10,54.545455,0.006421
PI,SEBASTIAO LEAL,SEBASTIAO LEAL - PI,5,4,1,80.0,0.001459
PI,TERESINA,TERESINA - PI,2062,662,1400,32.104753,0.601826
PI,VALENCA DO PIAUI,VALENCA DO PIAUI - PI,63,22,41,34.920635,0.018388
PI,VILA NOVA DO PIAUI,VILA NOVA DO PIAUI - PI,12,7,5,58.333333,0.003502
PR,ADRIANOPOLIS,ADRIANOPOLIS - PR,33,10,23,30.30303,0.009632
PR,ALTO PARAISO,ALTO PARAISO - PR,4,0,4,0.0,0.001167
PR,ALTO PARANA,ALTO PARANA - PR,71,18,53,25.352113,0.020722
PR,ANDIRA,ANDIRA - PR,82,28,54,34.146341,0.023933
PR,ANTONINA,ANTONINA - PR,123,19,104,15.447154,0.035899
PR,ANTONIO OLINTO,ANTONIO OLINTO - PR,39,12,27,30.769231,0.011383
PR,APUCARANA,APUCARANA - PR,714,192,522,26.890756,0.208392
PR,ARAPONGAS,ARAPONGAS - PR,522,128,394,24.521073,0.152354
PR,ARAPOTI,ARAPOTI - PR,2,0,2,0.0,0.000584
PR,ARARUNA,ARARUNA - PR,25,12,13,48.0,0.007297
PR,ARAUCARIA,ARAUCARIA - PR,418,90,328,21.5311,0.122
PR,BALSA NOVA,BALSA NOVA - PR,304,72,232,23.684211,0.088727
PR,BANDEIRANTES,BANDEIRANTES - PR,124,40,84,32.258065,0.036191
PR,BARRACAO,BARRACAO - PR,169,65,104,38.461538,0.049325
PR,BOCAIUVA DO SUL,BOCAIUVA DO SUL - PR,111,46,65,41.441441,0.032397
PR,BOM JESUS DO SUL,BOM JESUS DO SUL - PR,15,1,14,6.666667,0.004378
PR,BOM SUCESSO,BOM SUCESSO - PR,21,10,11,47.619048,0.006129
PR,CALIFORNIA,CALIFORNIA - PR,94,28,66,29.787234,0.027435
PR,CAMBARA,CAMBARA - PR,136,46,90,33.823529,0.039694
PR,CAMBE,CAMBE - PR,323,79,244,24.458204,0.094272
PR,CAMBIRA,CAMBIRA - PR,72,28,44,38.888889,0.021014
PR,CAMPINA GRANDE DO SUL,CAMPINA GRANDE DO SUL - PR,1353,221,1132,16.334072,0.394894
PR,CAMPO BONITO,CAMPO BONITO - PR,9,2,7,22.222222,0.002627
PR,CAMPO DO TENENTE,CAMPO DO TENENTE - PR,61,12,49,19.672131,0.017804
PR,CAMPO LARGO,CAMPO LARGO - PR,730,213,517,29.178082,0.213062
PR,CAMPO MOURAO,CAMPO MOURAO - PR,231,88,143,38.095238,0.067421
PR,CANDOI,CANDOI - PR,299,119,180,39.799331,0.087268
PR,CANTAGALO,CANTAGALO - PR,102,33,69,32.352941,0.02977
PR,CAPANEMA,CAPANEMA - PR,82,39,43,47.560976,0.023933
PR,CAPITAO LEONIDAS MARQUES,CAPITAO LEONIDAS MARQUES - PR,109,24,85,22.018349,0.031813
PR,CASCAVEL,CASCAVEL - PR,1586,445,1141,28.058008,0.462898
PR,CATANDUVAS,CATANDUVAS - PR,16,2,14,12.5,0.00467
PR,CERRO AZUL,CERRO AZUL - PR,3,2,1,66.666667,0.000876
PR,CEU AZUL,CEU AZUL - PR,248,61,187,24.596774,0.072383
PR,CHOPINZINHO,CHOPINZINHO - PR,84,32,52,38.095238,0.024517
PR,CIANORTE,CIANORTE - PR,4,2,2,50.0,0.001167
PR,COLOMBO,COLOMBO - PR,662,142,520,21.450151,0.193215
PR,CONSELHEIRO MAIRINCK,CONSELHEIRO MAIRINCK - PR,44,13,31,29.545455,0.012842
PR,CONTENDA,CONTENDA - PR,131,48,83,36.641221,0.038234
PR,CORBELIA,CORBELIA - PR,210,78,132,37.142857,0.061292
PR,CORNELIO PROCOPIO,CORNELIO PROCOPIO - PR,185,49,136,26.486486,0.053995
PR,CORONEL VIVIDA,CORONEL VIVIDA - PR,113,35,78,30.973451,0.032981
PR,CRUZEIRO DO OESTE,CRUZEIRO DO OESTE - PR,7,3,4,42.857143,0.002043
PR,CURITIBA,CURITIBA - PR,3774,720,3054,19.077901,1.101499
PR,DIAMANTE DO SUL,DIAMANTE DO SUL - PR,6,2,4,33.333333,0.001751
PR,FAROL,FAROL - PR,23,12,11,52.173913,0.006713
PR,FAZENDA RIO GRANDE,FAZENDA RIO GRANDE - PR,551,101,450,18.330309,0.160818
PR,FERNANDES PINHEIRO,FERNANDES PINHEIRO - PR,98,28,70,28.571429,0.028603
PR,FLOR DA SERRA DO SUL,FLOR DA SERRA DO SUL - PR,68,28,40,41.176471,0.019847
PR,FOZ DO IGUACU,FOZ DO IGUACU - PR,1186,306,880,25.801012,0.346152
PR,FOZ DO JORDAO,FOZ DO JORDAO - PR,18,6,12,33.333333,0.005254
PR,FRANCISCO ALVES,FRANCISCO ALVES - PR,15,3,12,20.0,0.004378
PR,FRANCISCO BELTRAO,FRANCISCO BELTRAO - PR,1,1,0,100.0,0.000292
PR,GENERAL CARNEIRO,GENERAL CARNEIRO - PR,165,60,105,36.363636,0.048158
PR,GOIOERE,GOIOERE - PR,23,11,12,47.826087,0.006713
PR,GOIOXIM,GOIOXIM - PR,1,1,0,100.0,0.000292
PR,GUAIRA,GUAIRA - PR,118,29,89,24.576271,0.03444
PR,GUAIRACA,GUAIRACA - PR,67,26,41,38.80597,0.019555
PR,GUAMIRANGA,GUAMIRANGA - PR,96,40,56,41.666667,0.028019
PR,GUAPIRAMA,GUAPIRAMA - PR,19,5,14,26.315789,0.005545
PR,GUARANIACU,GUARANIACU - PR,242,93,149,38.429752,0.070631
PR,GUARAPUAVA,GUARAPUAVA - PR,563,176,387,31.261101,0.16432
PR,GUARAQUECABA,GUARAQUECABA - PR,1,0,1,0.0,0.000292
PR,GUARATUBA,GUARATUBA - PR,515,106,409,20.582524,0.150311
PR,IBAITI,IBAITI - PR,139,59,80,42.446043,0.040569
PR,IBEMA,IBEMA - PR,46,17,29,36.956522,0.013426
PR,IBIPORA,IBIPORA - PR,322,103,219,31.987578,0.093981
PR,ICARAIMA,ICARAIMA - PR,19,6,13,31.578947,0.005545
PR,IMBAU,IMBAU - PR,170,54,116,31.764706,0.049617
PR,IMBITUVA,IMBITUVA - PR,230,89,141,38.695652,0.067129
PR,INACIO MARTINS,INACIO MARTINS - PR,1,0,1,0.0,0.000292
PR,IPIRANGA,IPIRANGA - PR,57,24,33,42.105263,0.016636
PR,IRATI,IRATI - PR,346,82,264,23.699422,0.100985
PR,JACAREZINHO,JACAREZINHO - PR,245,60,185,24.489796,0.071507
PR,JANDAIA DO SUL,JANDAIA DO SUL - PR,213,76,137,35.680751,0.062167
PR,JANIOPOLIS,JANIOPOLIS - PR,20,10,10,50.0,0.005837
PR,JAPIRA,JAPIRA - PR,35,11,24,31.428571,0.010215
PR,JATAIZINHO,JATAIZINHO - PR,95,32,63,33.684211,0.027727
PR,JURANDA,JURANDA - PR,77,32,45,41.558442,0.022474
PR,LAPA,LAPA - PR,288,123,165,42.708333,0.084057
PR,LARANJEIRAS DO SUL,LARANJEIRAS DO SUL - PR,212,72,140,33.962264,0.061875
PR,LINDOESTE,LINDOESTE - PR,163,29,134,17.791411,0.047574
PR,LOANDA,LOANDA - PR,14,3,11,21.428571,0.004086
PR,LONDRINA,LONDRINA - PR,847,235,612,27.744982,0.24721
PR,MALLET,MALLET - PR,78,29,49,37.179487,0.022765
PR,MAMBORE,MAMBORE - PR,86,34,52,39.534884,0.0251
PR,MANDAGUACU,MANDAGUACU - PR,137,48,89,35.036496,0.039986
PR,MANDAGUARI,MANDAGUARI - PR,243,73,170,30.041152,0.070923
PR,MANDIRITUBA,MANDIRITUBA - PR,427,121,306,28.337237,0.124626
PR,MANGUEIRINHA,MANGUEIRINHA - PR,2,0,2,0.0,0.000584
PR,MARECHAL CANDIDO RONDON,MARECHAL CANDIDO RONDON - PR,173,48,125,27.745665,0.050493
PR,MARIALVA,MARIALVA - PR,251,89,162,35.458167,0.073258
PR,MARILANDIA DO SUL,MARILANDIA DO SUL - PR,58,12,46,20.689655,0.016928
PR,MARINGA,MARINGA - PR,1333,337,996,25.28132,0.389056
PR,MARMELEIRO,MARMELEIRO - PR,50,22,28,44.0,0.014593
PR,MARQUINHO,MARQUINHO - PR,26,16,10,61.538462,0.007588
PR,MATELANDIA,MATELANDIA - PR,231,61,170,26.406926,0.067421
PR,MAUA DA SERRA,MAUA DA SERRA - PR,286,79,207,27.622378,0.083473
PR,MEDIANEIRA,MEDIANEIRA - PR,359,115,244,32.033426,0.10478
PR,MERCEDES,MERCEDES - PR,37,11,26,29.72973,0.010799
PR,MORRETES,MORRETES - PR,699,114,585,16.309013,0.204014
PR,NOVA ESPERANCA,NOVA ESPERANCA - PR,118,43,75,36.440678,0.03444
PR,NOVA LARANJEIRAS,NOVA LARANJEIRAS - PR,207,71,136,34.299517,0.060416
PR,NOVA LONDRINA,NOVA LONDRINA - PR,46,20,26,43.478261,0.013426
PR,ORTIGUEIRA,ORTIGUEIRA - PR,441,155,286,35.147392,0.128713
PR,PAICANDU,PAICANDU - PR,1,0,1,0.0,0.000292
PR,PALMEIRA,PALMEIRA - PR,516,150,366,29.069767,0.150602
PR,PALMITAL,PALMITAL - PR,21,11,10,52.380952,0.006129
PR,PALOTINA,PALOTINA - PR,1,0,1,0.0,0.000292
PR,PARANAGUA,PARANAGUA - PR,850,214,636,25.176471,0.248085
PR,PARANAVAI,PARANAVAI - PR,156,44,112,28.205128,0.045531
PR,PATO BRANCO,PATO BRANCO - PR,311,75,236,24.115756,0.09077
PR,PAULA FREITAS,PAULA FREITAS - PR,96,31,65,32.291667,0.028019
PR,PAULO FRONTIN,PAULO FRONTIN - PR,81,24,57,29.62963,0.023641
PR,PEROLA,PEROLA - PR,1,0,1,0.0,0.000292
PR,PEROLA DOESTE,PEROLA DOESTE - PR,51,17,34,33.333333,0.014885
PR,PINHAIS,PINHAIS - PR,1,0,1,0.0,0.000292
PR,PIRAQUARA,PIRAQUARA - PR,178,41,137,23.033708,0.051952
PR,PLANALTO,PLANALTO - PR,54,20,34,37.037037,0.015761
PR,PONTA GROSSA,PONTA GROSSA - PR,1263,358,905,28.34521,0.368626
PR,PORTO AMAZONAS,PORTO AMAZONAS - PR,68,29,39,42.647059,0.019847
PR,PORTO VITORIA,PORTO VITORIA - PR,80,26,54,32.5,0.023349
PR,PRANCHITA,PRANCHITA - PR,49,16,33,32.653061,0.014301
PR,PRESIDENTE CASTELO BRANCO,PRESIDENTE CASTELO BRANCO - PR,45,20,25,44.444444,0.013134
PR,PRUDENTOPOLIS,PRUDENTOPOLIS - PR,329,108,221,32.826748,0.096024
PR,QUATRO BARRAS,QUATRO BARRAS - PR,169,37,132,21.893491,0.049325
PR,QUATRO PONTES,QUATRO PONTES - PR,59,9,50,15.254237,0.01722
PR,QUITANDINHA,QUITANDINHA - PR,137,48,89,35.036496,0.039986
PR,RANCHO ALEGRE DOESTE,RANCHO ALEGRE DOESTE - PR,1,0,1,0.0,0.000292
PR,REALEZA,REALEZA - PR,24,9,15,37.5,0.007005
PR,REBOUCAS,REBOUCAS - PR,93,21,72,22.580645,0.027143
PR,RIO AZUL,RIO AZUL - PR,61,24,37,39.344262,0.017804
PR,RIO BRANCO DO SUL,RIO BRANCO DO SUL - PR,9,2,7,22.222222,0.002627
PR,RIO NEGRO,RIO NEGRO - PR,212,46,166,21.698113,0.061875
PR,ROLANDIA,ROLANDIA - PR,289,96,193,33.217993,0.084349
PR,RONCADOR,RONCADOR - PR,1,0,1,0.0,0.000292
PR,SANTA LUCIA,SANTA LUCIA - PR,73,23,50,31.506849,0.021306
PR,SANTA MARIA DO OESTE,SANTA MARIA DO OESTE - PR,1,0,1,0.0,0.000292
PR,SANTA MARIANA,SANTA MARIANA - PR,76,33,43,43.421053,0.022182
PR,SANTA TEREZA DO OESTE,SANTA TEREZA DO OESTE - PR,178,51,127,28.651685,0.051952
PR,SANTA TEREZINHA DE ITAIPU,SANTA TEREZINHA DE ITAIPU - PR,187,33,154,17.647059,0.054579
PR,SANTO ANTONIO DA PLATINA,SANTO ANTONIO DA PLATINA - PR,241,62,179,25.726141,0.070339
PR,SANTO ANTONIO DO SUDOESTE,SANTO ANTONIO DO SUDOESTE - PR,105,41,64,39.047619,0.030646
PR,SAO JOSE DOS PINHAIS,SAO JOSE DOS PINHAIS - PR,2286,446,1840,19.510061,0.667204
PR,SAO MATEUS DO SUL,SAO MATEUS DO SUL - PR,226,92,134,40.707965,0.065962
PR,SAO MIGUEL DO IGUACU,SAO MIGUEL DO IGUACU - PR,332,84,248,25.301205,0.096899
PR,SARANDI,SARANDI - PR,216,61,155,28.240741,0.063043
PR,SERTANOPOLIS,SERTANOPOLIS - PR,1,1,0,100.0,0.000292
PR,TEIXEIRA SOARES,TEIXEIRA SOARES - PR,60,24,36,40.0,0.017512
PR,TELEMACO BORBA,TELEMACO BORBA - PR,1,0,1,0.0,0.000292
PR,TERRA ROXA,TERRA ROXA - PR,60,19,41,31.666667,0.017512
PR,TIBAGI,TIBAGI - PR,597,157,440,26.298157,0.174243
PR,TIJUCAS DO SUL,TIJUCAS DO SUL - PR,403,39,364,9.677419,0.117622
PR,TOLEDO,TOLEDO - PR,235,63,172,26.808511,0.068588
PR,TUNAS DO PARANA,TUNAS DO PARANA - PR,28,11,17,39.285714,0.008172
PR,TUNEIRAS DO OESTE,TUNEIRAS DO OESTE - PR,25,16,9,64.0,0.007297
PR,UBIRATA,UBIRATA - PR,146,65,81,44.520548,0.042612
PR,UMUARAMA,UMUARAMA - PR,4,2,2,50.0,0.001167
PR,UNIAO DA VITORIA,UNIAO DA VITORIA - PR,95,30,65,31.578947,0.027727
PR,URAI,URAI - PR,59,15,44,25.423729,0.01722
PR,VENTANIA,VENTANIA - PR,86,19,67,22.093023,0.0251
PR,VERA CRUZ DO OESTE,VERA CRUZ DO OESTE - PR,1,1,0,100.0,0.000292
PR,VIRMOND,VIRMOND - PR,78,30,48,38.461538,0.022765
RJ,ANGRA DOS REIS,ANGRA DOS REIS - RJ,1561,457,1104,29.276105,0.455601
RJ,AREAL,AREAL - RJ,197,43,154,21.827411,0.057497
RJ,BARRA DO PIRAI,BARRA DO PIRAI - RJ,335,86,249,25.671642,0.097775
RJ,BARRA MANSA,BARRA MANSA - RJ,655,150,505,22.900763,0.191172
RJ,BELFORD ROXO,BELFORD ROXO - RJ,103,22,81,21.359223,0.030062
RJ,CAMPOS DOS GOYTACAZES,CAMPOS DOS GOYTACAZES - RJ,1673,404,1269,24.148237,0.48829
RJ,CARAPEBUS,CARAPEBUS - RJ,41,7,34,17.073171,0.011966
RJ,CARDOSO MOREIRA,CARDOSO MOREIRA - RJ,92,28,64,30.434783,0.026852
RJ,CARMO,CARMO - RJ,10,1,9,10.0,0.002919
RJ,CASIMIRO DE ABREU,CASIMIRO DE ABREU - RJ,316,54,262,17.088608,0.092229
RJ,COMENDADOR LEVY GASPARIAN,COMENDADOR LEVY GASPARIAN - RJ,104,18,86,17.307692,0.030354
RJ,CONCEICAO DE MACABU,CONCEICAO DE MACABU - RJ,14,1,13,7.142857,0.004086
RJ,DUQUE DE CAXIAS,DUQUE DE CAXIAS - RJ,3508,544,2964,15.507412,1.023863
RJ,GUAPIMIRIM,GUAPIMIRIM - RJ,558,124,434,22.222222,0.162861
RJ,ITABORAI,ITABORAI - RJ,996,189,807,18.975904,0.290698
RJ,ITAGUAI,ITAGUAI - RJ,616,166,450,26.948052,0.179789
RJ,ITALVA,ITALVA - RJ,84,18,66,21.428571,0.024517
RJ,ITAPERUNA,ITAPERUNA - RJ,288,71,217,24.652778,0.084057
RJ,ITATIAIA,ITATIAIA - RJ,278,77,201,27.697842,0.081139
RJ,JAPERI,JAPERI - RJ,95,24,71,25.263158,0.027727
RJ,LAJE DO MURIAE,LAJE DO MURIAE - RJ,1,1,0,100.0,0.000292
RJ,MACAE,MACAE - RJ,197,59,138,29.949239,0.057497
RJ,MAGE,MAGE - RJ,892,215,677,24.103139,0.260344
RJ,MANGARATIBA,MANGARATIBA - RJ,699,180,519,25.751073,0.204014
RJ,MESQUITA,MESQUITA - RJ,80,17,63,21.25,0.023349
RJ,NITEROI,NITEROI - RJ,908,104,804,11.453744,0.265014
RJ,NOVA IGUACU,NOVA IGUACU - RJ,1812,341,1471,18.818985,0.52886
RJ,PARACAMBI,PARACAMBI - RJ,101,18,83,17.821782,0.029478
RJ,PARAIBA DO SUL,PARAIBA DO SUL - RJ,107,26,81,24.299065,0.03123
RJ,PARATY,PARATY - RJ,471,151,320,32.059448,0.137468
RJ,PETROPOLIS,PETROPOLIS - RJ,1314,203,1111,15.449011,0.383511
RJ,PINHEIRAL,PINHEIRAL - RJ,32,4,28,12.5,0.00934
RJ,PIRAI,PIRAI - RJ,607,102,505,16.803954,0.177162
RJ,PORTO REAL,PORTO REAL - RJ,104,23,81,22.115385,0.030354
RJ,QUEIMADOS,QUEIMADOS - RJ,400,100,300,25.0,0.116746
RJ,QUISSAMA,QUISSAMA - RJ,8,1,7,12.5,0.002335
RJ,RESENDE,RESENDE - RJ,429,121,308,28.205128,0.12521
RJ,RIO BONITO,RIO BONITO - RJ,385,73,312,18.961039,0.112368
RJ,RIO DAS FLORES,RIO DAS FLORES - RJ,6,4,2,66.666667,0.001751
RJ,RIO DAS OSTRAS,RIO DAS OSTRAS - RJ,25,4,21,16.0,0.007297
RJ,RIO DE JANEIRO,RIO DE JANEIRO - RJ,1530,259,1271,16.928105,0.446554
RJ,SAO GONCALO,SAO GONCALO - RJ,1299,187,1112,14.395689,0.379133
RJ,SAO JOAO DA BARRA,SAO JOAO DA BARRA - RJ,121,49,72,40.495868,0.035316
RJ,SAO JOAO DE MERITI,SAO JOAO DE MERITI - RJ,770,118,652,15.324675,0.224736
RJ,SAO JOSE DO VALE DO RIO PRETO,SAO JOSE DO VALE DO RIO PRETO - RJ,7,1,6,14.285714,0.002043
RJ,SAPUCAIA,SAPUCAIA - RJ,433,121,312,27.944573,0.126378
RJ,SEROPEDICA,SEROPEDICA - RJ,1092,259,833,23.717949,0.318717
RJ,SILVA JARDIM,SILVA JARDIM - RJ,224,46,178,20.535714,0.065378
RJ,SUMIDOURO,SUMIDOURO - RJ,1,0,1,0.0,0.000292
RJ,TANGUA,TANGUA - RJ,234,59,175,25.213675,0.068296
RJ,TERESOPOLIS,TERESOPOLIS - RJ,761,175,586,22.996058,0.222109
RJ,TRES RIOS,TRES RIOS - RJ,407,90,317,22.113022,0.118789
RJ,VALENCA,VALENCA - RJ,1,0,1,0.0,0.000292
RJ,VASSOURAS,VASSOURAS - RJ,285,93,192,32.631579,0.083182
RJ,VOLTA REDONDA,VOLTA REDONDA - RJ,402,83,319,20.646766,0.11733
RN,ACARI,ACARI - RN,36,12,24,33.333333,0.010507
RN,ACU,ACU - RN,102,31,71,30.392157,0.02977
RN,ALMINO AFONSO,ALMINO AFONSO - RN,6,4,2,66.666667,0.001751
RN,ANGICOS,ANGICOS - RN,90,37,53,41.111111,0.026268
RN,ANTONIO MARTINS,ANTONIO MARTINS - RN,4,4,0,100.0,0.001167
RN,APODI,APODI - RN,69,40,29,57.971014,0.020139
RN,AREIA BRANCA,AREIA BRANCA - RN,47,23,24,48.93617,0.013718
RN,ARES,ARES - RN,41,11,30,26.829268,0.011966
RN,AUGUSTO SEVERO,AUGUSTO SEVERO - RN,24,5,19,20.833333,0.007005
RN,BAIA FORMOSA,BAIA FORMOSA - RN,20,4,16,20.0,0.005837
RN,BARAUNA,BARAUNA - RN,1,0,1,0.0,0.000292
RN,BOM JESUS,BOM JESUS - RN,25,12,13,48.0,0.007297
RN,CAICARA DO RIO DO VENTO,CAICARA DO RIO DO VENTO - RN,33,9,24,27.272727,0.009632
RN,CAICO,CAICO - RN,104,32,72,30.769231,0.030354
RN,CAMPO REDONDO,CAMPO REDONDO - RN,26,12,14,46.153846,0.007588
RN,CANGUARETAMA,CANGUARETAMA - RN,85,30,55,35.294118,0.024809
RN,CEARA-MIRIM,CEARA-MIRIM - RN,242,100,142,41.322314,0.070631
RN,CURRAIS NOVOS,CURRAIS NOVOS - RN,123,41,82,33.333333,0.035899
RN,EXTREMOZ,EXTREMOZ - RN,102,32,70,31.372549,0.02977
RN,FELIPE GUERRA,FELIPE GUERRA - RN,11,3,8,27.272727,0.003211
RN,FERNANDO PEDROZA,FERNANDO PEDROZA - RN,9,3,6,33.333333,0.002627
RN,FLORANIA,FLORANIA - RN,15,6,9,40.0,0.004378
RN,FRUTUOSO GOMES,FRUTUOSO GOMES - RN,2,1,1,50.0,0.000584
RN,GOIANINHA,GOIANINHA - RN,116,40,76,34.482759,0.033856
RN,GOVERNADOR DIX-SEPT ROSADO,GOVERNADOR DIX-SEPT ROSADO - RN,19,13,6,68.421053,0.005545
RN,GUAMARE,GUAMARE - RN,8,4,4,50.0,0.002335
RN,IELMO MARINHO,IELMO MARINHO - RN,8,2,6,25.0,0.002335
RN,IPANGUACU,IPANGUACU - RN,1,0,1,0.0,0.000292
RN,ITAJA,ITAJA - RN,64,23,41,35.9375,0.018679
RN,ITAU,ITAU - RN,27,13,14,48.148148,0.00788
RN,JANDAIRA,JANDAIRA - RN,18,6,12,33.333333,0.005254
RN,JANDUIS,JANDUIS - RN,5,4,1,80.0,0.001459
RN,JARDIM DO SERIDO,JARDIM DO SERIDO - RN,43,13,30,30.232558,0.01255
RN,JOAO CAMARA,JOAO CAMARA - RN,63,30,33,47.619048,0.018388
RN,JOSE DA PENHA,JOSE DA PENHA - RN,12,9,3,75.0,0.003502
RN,JUCURUTU,JUCURUTU - RN,29,17,12,58.62069,0.008464
RN,LAJES,LAJES - RN,37,12,25,32.432432,0.010799
RN,LAJES PINTADAS,LAJES PINTADAS - RN,12,5,7,41.666667,0.003502
RN,LUIS GOMES,LUIS GOMES - RN,2,2,0,100.0,0.000584
RN,MACAIBA,MACAIBA - RN,522,133,389,25.478927,0.152354
RN,MACAU,MACAU - RN,21,12,9,57.142857,0.006129
RN,MAJOR SALES,MAJOR SALES - RN,10,7,3,70.0,0.002919
RN,MARCELINO VIEIRA,MARCELINO VIEIRA - RN,2,2,0,100.0,0.000584
RN,MAXARANGUAPE,MAXARANGUAPE - RN,20,9,11,45.0,0.005837
RN,MESSIAS TARGINO,MESSIAS TARGINO - RN,17,11,6,64.705882,0.004962
RN,MOSSORO,MOSSORO - RN,1290,396,894,30.697674,0.376506
RN,NATAL,NATAL - RN,1403,308,1095,21.952958,0.409487
RN,NISIA FLORESTA,NISIA FLORESTA - RN,24,1,23,4.166667,0.007005
RN,PARNAMIRIM,PARNAMIRIM - RN,864,191,673,22.106481,0.252171
RN,PATU,PATU - RN,23,11,12,47.826087,0.006713
RN,PAU DOS FERROS,PAU DOS FERROS - RN,59,31,28,52.542373,0.01722
RN,PEDRO AVELINO,PEDRO AVELINO - RN,1,1,0,100.0,0.000292
RN,POCO BRANCO,POCO BRANCO - RN,20,10,10,50.0,0.005837
RN,RAFAEL FERNANDES,RAFAEL FERNANDES - RN,37,20,17,54.054054,0.010799
RN,RIACHUELO,RIACHUELO - RN,34,11,23,32.352941,0.009923
RN,RIO DO FOGO,RIO DO FOGO - RN,25,12,13,48.0,0.007297
RN,SANTA CRUZ,SANTA CRUZ - RN,79,31,48,39.240506,0.023057
RN,SANTA MARIA,SANTA MARIA - RN,24,10,14,41.666667,0.007005
RN,SAO FERNANDO,SAO FERNANDO - RN,2,1,1,50.0,0.000584
RN,SAO FRANCISCO DO OESTE,SAO FRANCISCO DO OESTE - RN,15,11,4,73.333333,0.004378
RN,SAO GONCALO DO AMARANTE,SAO GONCALO DO AMARANTE - RN,516,163,353,31.589147,0.150602
RN,SAO JOSE DE MIPIBU,SAO JOSE DE MIPIBU - RN,293,72,221,24.573379,0.085516
RN,SAO PAULO DO POTENGI,SAO PAULO DO POTENGI - RN,1,1,0,100.0,0.000292
RN,SAO PEDRO,SAO PEDRO - RN,15,6,9,40.0,0.004378
RN,SAO VICENTE,SAO VICENTE - RN,4,2,2,50.0,0.001167
RN,SENADOR ELOI DE SOUZA,SENADOR ELOI DE SOUZA - RN,28,14,14,50.0,0.008172
RN,SERRA CAIADA,SERRA CAIADA - RN,28,11,17,39.285714,0.008172
RN,SERRA NEGRA DO NORTE,SERRA NEGRA DO NORTE - RN,10,6,4,60.0,0.002919
RN,SERRINHA DOS PINTOS,SERRINHA DOS PINTOS - RN,2,2,0,100.0,0.000584
RN,SEVERIANO MELO,SEVERIANO MELO - RN,2,2,0,100.0,0.000584
RN,TABOLEIRO GRANDE,TABOLEIRO GRANDE - RN,9,4,5,44.444444,0.002627
RN,TAIPU,TAIPU - RN,45,18,27,40.0,0.013134
RN,TANGARA,TANGARA - RN,47,28,19,59.574468,0.013718
RN,TIBAU,TIBAU - RN,1,1,0,100.0,0.000292
RN,TIMBAUBA DOS BATISTAS,TIMBAUBA DOS BATISTAS - RN,5,2,3,40.0,0.001459
RN,TOUROS,TOUROS - RN,21,6,15,28.571429,0.006129
RN,TRIUNFO POTIGUAR,TRIUNFO POTIGUAR - RN,11,7,4,63.636364,0.003211
RN,UPANEMA,UPANEMA - RN,37,19,18,51.351351,0.010799
RO,ALTO PARAISO,ALTO PARAISO - RO,83,31,52,37.349398,0.024225
RO,ALVORADA DOESTE,ALVORADA DOESTE - RO,30,10,20,33.333333,0.008756
RO,ARIQUEMES,ARIQUEMES - RO,389,122,267,31.362468,0.113536
RO,CACAULANDIA,CACAULANDIA - RO,12,4,8,33.333333,0.003502
RO,CACOAL,CACOAL - RO,517,186,331,35.976789,0.150894
RO,CAMPO NOVO DE RONDONIA,CAMPO NOVO DE RONDONIA - RO,3,2,1,66.666667,0.000876
RO,CANDEIAS DO JAMARI,CANDEIAS DO JAMARI - RO,219,74,145,33.789954,0.063918
RO,CEREJEIRAS,CEREJEIRAS - RO,114,39,75,34.210526,0.033273
RO,CHUPINGUAIA,CHUPINGUAIA - RO,10,4,6,40.0,0.002919
RO,COLORADO DO OESTE,COLORADO DO OESTE - RO,184,52,132,28.26087,0.053703
RO,COSTA MARQUES,COSTA MARQUES - RO,1,0,1,0.0,0.000292
RO,CUJUBIM,CUJUBIM - RO,2,1,1,50.0,0.000584
RO,GUAJARA-MIRIM,GUAJARA-MIRIM - RO,69,19,50,27.536232,0.020139
RO,ITAPUA DO OESTE,ITAPUA DO OESTE - RO,144,43,101,29.861111,0.042029
RO,JARU,JARU - RO,627,146,481,23.285486,0.182999
RO,JI-PARANA,JI-PARANA - RO,721,164,557,22.746186,0.210435
RO,MONTE NEGRO,MONTE NEGRO - RO,69,34,35,49.275362,0.020139
RO,NOVA MAMORE,NOVA MAMORE - RO,68,22,46,32.352941,0.019847
RO,OURO PRETO DO OESTE,OURO PRETO DO OESTE - RO,236,84,152,35.59322,0.06888
RO,PIMENTA BUENO,PIMENTA BUENO - RO,392,117,275,29.846939,0.114411
RO,PORTO VELHO,PORTO VELHO - RO,1893,531,1362,28.050713,0.552501
RO,PRESIDENTE MEDICI,PRESIDENTE MEDICI - RO,235,78,157,33.191489,0.068588
RO,RIO CRESPO,RIO CRESPO - RO,12,4,8,33.333333,0.003502
RO,SAO FRANCISCO DO GUAPORE,SAO FRANCISCO DO GUAPORE - RO,9,5,4,55.555556,0.002627
RO,SAO MIGUEL DO GUAPORE,SAO MIGUEL DO GUAPORE - RO,34,22,12,64.705882,0.009923
RO,SERINGUEIRAS,SERINGUEIRAS - RO,13,7,6,53.846154,0.003794
RO,THEOBROMA,THEOBROMA - RO,4,0,4,0.0,0.001167
RO,VILHENA,VILHENA - RO,1044,205,839,19.636015,0.304707
RR,AMAJARI,AMAJARI - RR,15,10,5,66.666667,0.004378
RR,BOA VISTA,BOA VISTA - RR,454,110,344,24.229075,0.132507
RR,BONFIM,BONFIM - RR,68,28,40,41.176471,0.019847
RR,CANTA,CANTA - RR,153,75,78,49.019608,0.044655
RR,CARACARAI,CARACARAI - RR,68,36,32,52.941176,0.019847
RR,IRACEMA,IRACEMA - RR,19,10,9,52.631579,0.005545
RR,MUCAJAI,MUCAJAI - RR,34,15,19,44.117647,0.009923
RR,NORMANDIA,NORMANDIA - RR,8,4,4,50.0,0.002335
RR,PACARAIMA,PACARAIMA - RR,19,7,12,36.842105,0.005545
RR,RORAINOPOLIS,RORAINOPOLIS - RR,75,33,42,44.0,0.02189
RR,SAO JOAO DA BALIZA,SAO JOAO DA BALIZA - RR,3,3,0,100.0,0.000876
RR,SAO LUIZ,SAO LUIZ - RR,2,1,1,50.0,0.000584
RS,ACEGUA,ACEGUA - RS,9,1,8,11.111111,0.002627
RS,AGUA SANTA,AGUA SANTA - RS,11,5,6,45.454545,0.003211
RS,ALEGRETE,ALEGRETE - RS,120,28,92,23.333333,0.035024
RS,ALMIRANTE TAMANDARE DO SUL,ALMIRANTE TAMANDARE DO SUL - RS,75,22,53,29.333333,0.02189
RS,AMETISTA DO SUL,AMETISTA DO SUL - RS,1,0,1,0.0,0.000292
RS,ANDRE DA ROCHA,ANDRE DA ROCHA - RS,3,1,2,33.333333,0.000876
RS,ANTA GORDA,ANTA GORDA - RS,1,0,1,0.0,0.000292
RS,ARAMBARE,ARAMBARE - RS,4,2,2,50.0,0.001167
RS,ARROIO DO MEIO,ARROIO DO MEIO - RS,1,0,1,0.0,0.000292
RS,ARROIO DOS RATOS,ARROIO DOS RATOS - RS,61,16,45,26.229508,0.017804
RS,ARROIO GRANDE,ARROIO GRANDE - RS,63,8,55,12.698413,0.018388
RS,BAGE,BAGE - RS,85,23,62,27.058824,0.024809
RS,BARAO,BARAO - RS,60,12,48,20.0,0.017512
RS,BARAO DE COTEGIPE,BARAO DE COTEGIPE - RS,34,6,28,17.647059,0.009923
RS,BARRA DO QUARAI,BARRA DO QUARAI - RS,17,5,12,29.411765,0.004962
RS,BARRA DO RIBEIRO,BARRA DO RIBEIRO - RS,128,26,102,20.3125,0.037359
RS,BARRA FUNDA,BARRA FUNDA - RS,4,2,2,50.0,0.001167
RS,BARRACAO,BARRACAO - RS,48,10,38,20.833333,0.01401
RS,BENTO GONCALVES,BENTO GONCALVES - RS,519,73,446,14.065511,0.151478
RS,BOA VISTA DAS MISSOES,BOA VISTA DAS MISSOES - RS,59,15,44,25.423729,0.01722
RS,BOA VISTA DO BURICA,BOA VISTA DO BURICA - RS,11,6,5,54.545455,0.003211
RS,BOM JESUS,BOM JESUS - RS,87,26,61,29.885057,0.025392
RS,BOM PROGRESSO,BOM PROGRESSO - RS,18,5,13,27.777778,0.005254
RS,BOM RETIRO DO SUL,BOM RETIRO DO SUL - RS,12,3,9,25.0,0.003502
RS,BOSSOROCA,BOSSOROCA - RS,12,3,9,25.0,0.003502
RS,BOZANO,BOZANO - RS,43,13,30,30.232558,0.01255
RS,BUTIA,BUTIA - RS,113,35,78,30.973451,0.032981
RS,CACAPAVA DO SUL,CACAPAVA DO SUL - RS,192,40,152,20.833333,0.056038
RS,CACEQUI,CACEQUI - RS,3,2,1,66.666667,0.000876
RS,CACHOEIRA DO SUL,CACHOEIRA DO SUL - RS,267,87,180,32.58427,0.077928
RS,CACHOEIRINHA,CACHOEIRINHA - RS,50,6,44,12.0,0.014593
RS,CAIBATE,CAIBATE - RS,12,6,6,50.0,0.003502
RS,CAMAQUA,CAMAQUA - RS,164,43,121,26.219512,0.047866
RS,CAMPESTRE DA SERRA,CAMPESTRE DA SERRA - RS,64,19,45,29.6875,0.018679
RS,CAMPO NOVO,CAMPO NOVO - RS,36,19,17,52.777778,0.010507
RS,CANDIOTA,CANDIOTA - RS,30,15,15,50.0,0.008756
RS,CANGUCU,CANGUCU - RS,203,36,167,17.73399,0.059249
RS,CANOAS,CANOAS - RS,1200,127,1073,10.583333,0.350238
RS,CAPAO BONITO DO SUL,CAPAO BONITO DO SUL - RS,13,3,10,23.076923,0.003794
RS,CAPAO DO LEAO,CAPAO DO LEAO - RS,272,54,218,19.852941,0.079387
RS,CAPIVARI DO SUL,CAPIVARI DO SUL - RS,1,0,1,0.0,0.000292
RS,CARAZINHO,CARAZINHO - RS,233,62,171,26.609442,0.068005
RS,CARLOS BARBOSA,CARLOS BARBOSA - RS,101,23,78,22.772277,0.029478
RS,CASEIROS,CASEIROS - RS,59,18,41,30.508475,0.01722
RS,CAXIAS DO SUL,CAXIAS DO SUL - RS,910,150,760,16.483516,0.265597
RS,CENTENARIO,CENTENARIO - RS,1,0,1,0.0,0.000292
RS,CERRITO,CERRITO - RS,25,10,15,40.0,0.007297
RS,CERRO LARGO,CERRO LARGO - RS,23,11,12,47.826087,0.006713
RS,CHARQUEADAS,CHARQUEADAS - RS,1,0,1,0.0,0.000292
RS,CHUI,CHUI - RS,13,5,8,38.461538,0.003794
RS,CIRIACO,CIRIACO - RS,18,7,11,38.888889,0.005254
RS,COLORADO,COLORADO - RS,12,4,8,33.333333,0.003502
RS,CONDOR,CONDOR - RS,30,11,19,36.666667,0.008756
RS,COQUEIROS DO SUL,COQUEIROS DO SUL - RS,1,0,1,0.0,0.000292
RS,CORONEL BARROS,CORONEL BARROS - RS,43,7,36,16.27907,0.01255
RS,CORONEL BICACO,CORONEL BICACO - RS,20,7,13,35.0,0.005837
RS,CRISTAL,CRISTAL - RS,107,22,85,20.560748,0.03123
RS,CRUZ ALTA,CRUZ ALTA - RS,134,37,97,27.61194,0.03911
RS,DILERMANDO DE AGUIAR,DILERMANDO DE AGUIAR - RS,34,13,21,38.235294,0.009923
RS,DOIS IRMAOS,DOIS IRMAOS - RS,176,37,139,21.022727,0.051368
RS,DOM PEDRITO,DOM PEDRITO - RS,65,24,41,36.923077,0.018971
RS,DOM PEDRO DE ALCANTARA,DOM PEDRO DE ALCANTARA - RS,53,9,44,16.981132,0.015469
RS,ELDORADO DO SUL,ELDORADO DO SUL - RS,536,132,404,24.626866,0.15644
RS,ENCRUZILHADA DO SUL,ENCRUZILHADA DO SUL - RS,2,0,2,0.0,0.000584
RS,ENTRE-IJUIS,ENTRE-IJUIS - RS,77,22,55,28.571429,0.022474
RS,ERECHIM,ERECHIM - RS,313,64,249,20.447284,0.091354
RS,ESTANCIA VELHA,ESTANCIA VELHA - RS,96,17,79,17.708333,0.028019
RS,ESTEIO,ESTEIO - RS,272,36,236,13.235294,0.079387
RS,ESTRELA,ESTRELA - RS,232,46,186,19.827586,0.067713
RS,FARROUPILHA,FARROUPILHA - RS,1,0,1,0.0,0.000292
RS,FAZENDA VILANOVA,FAZENDA VILANOVA - RS,74,15,59,20.27027,0.021598
RS,FONTOURA XAVIER,FONTOURA XAVIER - RS,89,27,62,30.337079,0.025976
RS,FORMIGUEIRO,FORMIGUEIRO - RS,3,0,3,0.0,0.000876
RS,FORQUETINHA,FORQUETINHA - RS,3,1,2,33.333333,0.000876
RS,FREDERICO WESTPHALEN,FREDERICO WESTPHALEN - RS,293,71,222,24.232082,0.085516
RS,GARIBALDI,GARIBALDI - RS,273,49,224,17.948718,0.079679
RS,GENTIL,GENTIL - RS,10,4,6,40.0,0.002919
RS,GLORINHA,GLORINHA - RS,151,28,123,18.543046,0.044072
RS,GRAVATAI,GRAVATAI - RS,401,69,332,17.206983,0.117038
RS,GUAIBA,GUAIBA - RS,282,69,213,24.468085,0.082306
RS,GUARANI DAS MISSOES,GUARANI DAS MISSOES - RS,40,14,26,35.0,0.011675
RS,HULHA NEGRA,HULHA NEGRA - RS,37,8,29,21.621622,0.010799
RS,HUMAITA,HUMAITA - RS,1,1,0,100.0,0.000292
RS,IJUI,IJUI - RS,182,35,147,19.230769,0.053119
RS,IPIRANGA DO SUL,IPIRANGA DO SUL - RS,1,0,1,0.0,0.000292
RS,IRAI,IRAI - RS,46,19,27,41.304348,0.013426
RS,ITAARA,ITAARA - RS,97,31,66,31.958763,0.028311
RS,ITAQUI,ITAQUI - RS,53,11,42,20.754717,0.015469
RS,IVOTI,IVOTI - RS,61,12,49,19.672131,0.017804
RS,JABOTICABA,JABOTICABA - RS,4,2,2,50.0,0.001167
RS,JACUIZINHO,JACUIZINHO - RS,1,0,1,0.0,0.000292
RS,JAGUARAO,JAGUARAO - RS,70,15,55,21.428571,0.020431
RS,JAGUARI,JAGUARI - RS,55,15,40,27.272727,0.016053
RS,JULIO DE CASTILHOS,JULIO DE CASTILHOS - RS,116,34,82,29.310345,0.033856
RS,LAGOA VERMELHA,LAGOA VERMELHA - RS,176,42,134,23.863636,0.051368
RS,LAJEADO,LAJEADO - RS,409,84,325,20.537897,0.119373
RS,LAJEADO DO BUGRE,LAJEADO DO BUGRE - RS,10,2,8,20.0,0.002919
RS,LAVRAS DO SUL,LAVRAS DO SUL - RS,1,0,1,0.0,0.000292
RS,MACAMBARA,MACAMBARA - RS,2,0,2,0.0,0.000584
RS,MAQUINE,MAQUINE - RS,85,21,64,24.705882,0.024809
RS,MARCELINO RAMOS,MARCELINO RAMOS - RS,18,5,13,27.777778,0.005254
RS,MARIANA PIMENTEL,MARIANA PIMENTEL - RS,1,0,1,0.0,0.000292
RS,MARQUES DE SOUZA,MARQUES DE SOUZA - RS,114,41,73,35.964912,0.033273
RS,MATA,MATA - RS,3,2,1,66.666667,0.000876
RS,MATO CASTELHANO,MATO CASTELHANO - RS,66,27,39,40.909091,0.019263
RS,MINAS DO LEAO,MINAS DO LEAO - RS,47,19,28,40.425532,0.013718
RS,MONTE ALEGRE DOS CAMPOS,MONTE ALEGRE DOS CAMPOS - RS,19,3,16,15.789474,0.005545
RS,MONTENEGRO,MONTENEGRO - RS,212,50,162,23.584906,0.061875
RS,MORMACO,MORMACO - RS,18,6,12,33.333333,0.005254
RS,MORRO REDONDO,MORRO REDONDO - RS,57,20,37,35.087719,0.016636
RS,MORRO REUTER,MORRO REUTER - RS,58,22,36,37.931034,0.016928
RS,MUITOS CAPOES,MUITOS CAPOES - RS,87,20,67,22.988506,0.025392
RS,MULITERNO,MULITERNO - RS,5,2,3,40.0,0.001459
RS,NOVA ESPERANCA DO SUL,NOVA ESPERANCA DO SUL - RS,1,1,0,100.0,0.000292
RS,NOVA PETROPOLIS,NOVA PETROPOLIS - RS,43,9,34,20.930233,0.01255
RS,NOVA PRATA,NOVA PRATA - RS,160,36,124,22.5,0.046698
RS,NOVA SANTA RITA,NOVA SANTA RITA - RS,215,49,166,22.790698,0.062751
RS,NOVO CABRAIS,NOVO CABRAIS - RS,9,4,5,44.444444,0.002627
RS,NOVO HAMBURGO,NOVO HAMBURGO - RS,342,54,288,15.789474,0.099818
RS,OSORIO,OSORIO - RS,265,51,214,19.245283,0.077344
RS,PALMEIRA DAS MISSOES,PALMEIRA DAS MISSOES - RS,126,33,93,26.190476,0.036775
RS,PANAMBI,PANAMBI - RS,164,59,105,35.97561,0.047866
RS,PANTANO GRANDE,PANTANO GRANDE - RS,107,25,82,23.364486,0.03123
RS,PASSO FUNDO,PASSO FUNDO - RS,361,66,295,18.282548,0.105363
RS,PAULO BENTO,PAULO BENTO - RS,2,0,2,0.0,0.000584
RS,PAVERAMA,PAVERAMA - RS,16,3,13,18.75,0.00467
RS,PEDRO OSORIO,PEDRO OSORIO - RS,32,7,25,21.875,0.00934
RS,PEJUCARA,PEJUCARA - RS,34,8,26,23.529412,0.009923
RS,PELOTAS,PELOTAS - RS,731,126,605,17.236662,0.213353
RS,PICADA CAFE,PICADA CAFE - RS,102,34,68,33.333333,0.02977
RS,PINHEIRO MACHADO,PINHEIRO MACHADO - RS,44,13,31,29.545455,0.012842
RS,PIRATINI,PIRATINI - RS,59,17,42,28.813559,0.01722
RS,PORTO ALEGRE,PORTO ALEGRE - RS,1151,127,1024,11.033884,0.335937
RS,PORTO XAVIER,PORTO XAVIER - RS,39,20,19,51.282051,0.011383
RS,POUSO NOVO,POUSO NOVO - RS,162,43,119,26.54321,0.047282
RS,QUARAI,QUARAI - RS,6,3,3,50.0,0.001751
RS,RIO GRANDE,RIO GRANDE - RS,641,117,524,18.25273,0.187086
RS,RIO PARDO,RIO PARDO - RS,255,73,182,28.627451,0.074426
RS,ROQUE GONZALES,ROQUE GONZALES - RS,23,9,14,39.130435,0.006713
RS,ROSARIO DO SUL,ROSARIO DO SUL - RS,145,44,101,30.344828,0.04232
RS,SAGRADA FAMILIA,SAGRADA FAMILIA - RS,9,2,7,22.222222,0.002627
RS,SALDANHA MARINHO,SALDANHA MARINHO - RS,44,14,30,31.818182,0.012842
RS,SALVADOR DAS MISSOES,SALVADOR DAS MISSOES - RS,14,5,9,35.714286,0.004086
RS,SALVADOR DO SUL,SALVADOR DO SUL - RS,42,12,30,28.571429,0.012258
RS,SANTA BARBARA DO SUL,SANTA BARBARA DO SUL - RS,47,17,30,36.170213,0.013718
RS,SANTA CRUZ DO SUL,SANTA CRUZ DO SUL - RS,65,28,37,43.076923,0.018971
RS,SANTA MARGARIDA DO SUL,SANTA MARGARIDA DO SUL - RS,34,10,24,29.411765,0.009923
RS,SANTA MARIA,SANTA MARIA - RS,1019,255,764,25.024534,0.297411
RS,SANTA ROSA,SANTA ROSA - RS,86,44,42,51.162791,0.0251
RS,SANTA VITORIA DO PALMAR,SANTA VITORIA DO PALMAR - RS,72,23,49,31.944444,0.021014
RS,SANTANA DA BOA VISTA,SANTANA DA BOA VISTA - RS,65,27,38,41.538462,0.018971
RS,SANTANA DO LIVRAMENTO,SANTANA DO LIVRAMENTO - RS,242,62,180,25.619835,0.070631
RS,SANTIAGO,SANTIAGO - RS,132,26,106,19.69697,0.038526
RS,SANTO ANGELO,SANTO ANGELO - RS,8,4,4,50.0,0.002335
RS,SANTO ANTONIO DA PATRULHA,SANTO ANTONIO DA PATRULHA - RS,308,47,261,15.25974,0.089894
RS,SANTO ANTONIO DAS MISSOES,SANTO ANTONIO DAS MISSOES - RS,60,13,47,21.666667,0.017512
RS,SANTO ANTONIO DO PLANALTO,SANTO ANTONIO DO PLANALTO - RS,22,6,16,27.272727,0.006421
RS,SANTO AUGUSTO,SANTO AUGUSTO - RS,6,3,3,50.0,0.001751
RS,SANTO CRISTO,SANTO CRISTO - RS,37,17,20,45.945946,0.010799
RS,SAO BORJA,SAO BORJA - RS,133,35,98,26.315789,0.038818
RS,SAO GABRIEL,SAO GABRIEL - RS,87,28,59,32.183908,0.025392
RS,SAO JERONIMO,SAO JERONIMO - RS,12,2,10,16.666667,0.003502
RS,SAO JOSE DAS MISSOES,SAO JOSE DAS MISSOES - RS,30,11,19,36.666667,0.008756
RS,SAO JOSE DO HERVAL,SAO JOSE DO HERVAL - RS,64,23,41,35.9375,0.018679
RS,SAO JOSE DO INHACORA,SAO JOSE DO INHACORA - RS,15,9,6,60.0,0.004378
RS,SAO JOSE DO NORTE,SAO JOSE DO NORTE - RS,3,3,0,100.0,0.000876
RS,SAO JOSE DO OURO,SAO JOSE DO OURO - RS,4,3,1,75.0,0.001167
RS,SAO JOSE DO SUL,SAO JOSE DO SUL - RS,48,18,30,37.5,0.01401
RS,SAO JOSE DOS AUSENTES,SAO JOSE DOS AUSENTES - RS,14,6,8,42.857143,0.004086
RS,SAO LEOPOLDO,SAO LEOPOLDO - RS,951,128,823,13.459516,0.277564
RS,SAO LOURENCO DO SUL,SAO LOURENCO DO SUL - RS,81,20,61,24.691358,0.023641
RS,SAO LUIZ GONZAGA,SAO LUIZ GONZAGA - RS,178,59,119,33.146067,0.051952
RS,SAO MARCOS,SAO MARCOS - RS,153,47,106,30.718954,0.044655
RS,SAO MARTINHO,SAO MARTINHO - RS,6,1,5,16.666667,0.001751
RS,SAO MIGUEL DAS MISSOES,SAO MIGUEL DAS MISSOES - RS,4,1,3,25.0,0.001167
RS,SAO PAULO DAS MISSOES,SAO PAULO DAS MISSOES - RS,1,0,1,0.0,0.000292
RS,SAO PEDRO DA SERRA,SAO PEDRO DA SERRA - RS,13,2,11,15.384615,0.003794
RS,SAO PEDRO DAS MISSOES,SAO PEDRO DAS MISSOES - RS,4,2,2,50.0,0.001167
RS,SAO PEDRO DO BUTIA,SAO PEDRO DO BUTIA - RS,20,11,9,55.0,0.005837
RS,SAO PEDRO DO SUL,SAO PEDRO DO SUL - RS,71,22,49,30.985915,0.020722
RS,SAO SEPE,SAO SEPE - RS,162,57,105,35.185185,0.047282
RS,SAO VICENTE DO SUL,SAO VICENTE DO SUL - RS,67,16,51,23.880597,0.019555
RS,SAPUCAIA DO SUL,SAPUCAIA DO SUL - RS,321,46,275,14.330218,0.093689
RS,SARANDI,SARANDI - RS,168,37,131,22.02381,0.049033
RS,SEBERI,SEBERI - RS,149,43,106,28.85906,0.043488
RS,SENTINELA DO SUL,SENTINELA DO SUL - RS,36,9,27,25.0,0.010507
RS,SETE DE SETEMBRO,SETE DE SETEMBRO - RS,9,3,6,33.333333,0.002627
RS,SEVERIANO DE ALMEIDA,SEVERIANO DE ALMEIDA - RS,33,10,23,30.30303,0.009632
RS,SOLEDADE,SOLEDADE - RS,224,59,165,26.339286,0.065378
RS,TABAI,TABAI - RS,39,11,28,28.205128,0.011383
RS,TAPES,TAPES - RS,85,24,61,28.235294,0.024809
RS,TAQUARI,TAQUARI - RS,12,1,11,8.333333,0.003502
RS,TERRA DE AREIA,TERRA DE AREIA - RS,101,30,71,29.70297,0.029478
RS,TIO HUGO,TIO HUGO - RS,71,23,48,32.394366,0.020722
RS,TIRADENTES DO SUL,TIRADENTES DO SUL - RS,31,14,17,45.16129,0.009048
RS,TORRES,TORRES - RS,133,33,100,24.81203,0.038818
RS,TRAMANDAI,TRAMANDAI - RS,1,0,1,0.0,0.000292
RS,TRES ARROIOS,TRES ARROIOS - RS,38,15,23,39.473684,0.011091
RS,TRES CACHOEIRAS,TRES CACHOEIRAS - RS,159,38,121,23.899371,0.046407
RS,TRES DE MAIO,TRES DE MAIO - RS,52,26,26,50.0,0.015177
RS,TRES FORQUILHAS,TRES FORQUILHAS - RS,14,1,13,7.142857,0.004086
RS,TRES PASSOS,TRES PASSOS - RS,98,47,51,47.959184,0.028603
RS,TRIUNFO,TRIUNFO - RS,221,50,171,22.624434,0.064502
RS,TUPANCI DO SUL,TUPANCI DO SUL - RS,2,0,2,0.0,0.000584
RS,TUPANCIRETA,TUPANCIRETA - RS,16,3,13,18.75,0.00467
RS,TURUCU,TURUCU - RS,41,5,36,12.195122,0.011966
RS,UNISTALDA,UNISTALDA - RS,26,9,17,34.615385,0.007588
RS,URUGUAIANA,URUGUAIANA - RS,416,90,326,21.634615,0.121416
RS,VACARIA,VACARIA - RS,574,98,476,17.073171,0.167531
RS,VERANOPOLIS,VERANOPOLIS - RS,203,41,162,20.197044,0.059249
RS,VICTOR GRAEFF,VICTOR GRAEFF - RS,8,2,6,25.0,0.002335
RS,VILA FLORES,VILA FLORES - RS,54,8,46,14.814815,0.015761
RS,VILA NOVA DO SUL,VILA NOVA DO SUL - RS,47,23,24,48.93617,0.013718
RS,VITORIA DAS MISSOES,VITORIA DAS MISSOES - RS,36,12,24,33.333333,0.010507
SC,AGRONOMICA,AGRONOMICA - SC,91,31,60,34.065934,0.02656
SC,AGUA DOCE,AGUA DOCE - SC,66,19,47,28.787879,0.019263
SC,AGUAS MORNAS,AGUAS MORNAS - SC,357,122,235,34.173669,0.104196
SC,ALFREDO WAGNER,ALFREDO WAGNER - SC,217,84,133,38.709677,0.063335
SC,APIUNA,APIUNA - SC,265,100,165,37.735849,0.077344
SC,ARAQUARI,ARAQUARI - SC,1423,349,1074,24.52565,0.415324
SC,ARARANGUA,ARARANGUA - SC,566,149,417,26.325088,0.165196
SC,ASCURRA,ASCURRA - SC,130,44,86,33.846154,0.037942
SC,BALNEARIO BARRA DO SUL,BALNEARIO BARRA DO SUL - SC,5,1,4,20.0,0.001459
SC,BALNEARIO CAMBORIU,BALNEARIO CAMBORIU - SC,1597,410,1187,25.673137,0.466109
SC,BALNEARIO PICARRAS,BALNEARIO PICARRAS - SC,336,95,241,28.27381,0.098067
SC,BARRA VELHA,BARRA VELHA - SC,595,137,458,23.02521,0.17366
SC,BELA VISTA DO TOLDO,BELA VISTA DO TOLDO - SC,7,1,6,14.285714,0.002043
SC,BIGUACU,BIGUACU - SC,1396,235,1161,16.833811,0.407444
SC,BLUMENAU,BLUMENAU - SC,1071,258,813,24.089636,0.312588
SC,BOCAINA DO SUL,BOCAINA DO SUL - SC,72,16,56,22.222222,0.021014
SC,BOM RETIRO,BOM RETIRO - SC,146,46,100,31.506849,0.042612
SC,BRUNOPOLIS,BRUNOPOLIS - SC,88,26,62,29.545455,0.025684
SC,CAIBI,CAIBI - SC,39,12,27,30.769231,0.011383
SC,CAMBORIU,CAMBORIU - SC,127,37,90,29.133858,0.037067
SC,CAMPOS NOVOS,CAMPOS NOVOS - SC,364,115,249,31.593407,0.106239
SC,CANELINHA,CANELINHA - SC,1,0,1,0.0,0.000292
SC,CANOINHAS,CANOINHAS - SC,234,62,172,26.495726,0.068296
SC,CAPAO ALTO,CAPAO ALTO - SC,125,34,91,27.2,0.036483
SC,CAPIVARI DE BAIXO,CAPIVARI DE BAIXO - SC,239,50,189,20.920502,0.069756
SC,CATANDUVAS,CATANDUVAS - SC,137,28,109,20.437956,0.039986
SC,CHAPECO,CHAPECO - SC,456,114,342,25.0,0.133091
SC,CONCORDIA,CONCORDIA - SC,167,48,119,28.742515,0.048741
SC,CORDILHEIRA ALTA,CORDILHEIRA ALTA - SC,113,33,80,29.20354,0.032981
SC,CORONEL FREITAS,CORONEL FREITAS - SC,1,0,1,0.0,0.000292
SC,CORREIA PINTO,CORREIA PINTO - SC,173,42,131,24.277457,0.050493
SC,CORUPA,CORUPA - SC,251,62,189,24.701195,0.073258
SC,CRICIUMA,CRICIUMA - SC,87,26,61,29.885057,0.025392
SC,CUNHA PORA,CUNHA PORA - SC,135,41,94,30.37037,0.039402
SC,CURITIBANOS,CURITIBANOS - SC,172,49,123,28.488372,0.050201
SC,DESCANSO,DESCANSO - SC,57,17,40,29.824561,0.016636
SC,DIONISIO CERQUEIRA,DIONISIO CERQUEIRA - SC,72,18,54,25.0,0.021014
SC,ERVAL VELHO,ERVAL VELHO - SC,96,25,71,26.041667,0.028019
SC,FAXINAL DOS GUEDES,FAXINAL DOS GUEDES - SC,98,26,72,26.530612,0.028603
SC,FLOR DO SERTAO,FLOR DO SERTAO - SC,3,1,2,33.333333,0.000876
SC,FLORIANOPOLIS,FLORIANOPOLIS - SC,651,125,526,19.201229,0.190004
SC,GAROPABA,GAROPABA - SC,38,10,28,26.315789,0.011091
SC,GARUVA,GARUVA - SC,295,50,245,16.949153,0.0861
SC,GASPAR,GASPAR - SC,360,116,244,32.222222,0.105071
SC,GOVERNADOR CELSO RAMOS,GOVERNADOR CELSO RAMOS - SC,63,13,50,20.634921,0.018388
SC,GUARACIABA,GUARACIABA - SC,105,23,82,21.904762,0.030646
SC,GUARAMIRIM,GUARAMIRIM - SC,696,167,529,23.994253,0.203138
SC,GUARUJA DO SUL,GUARUJA DO SUL - SC,55,16,39,29.090909,0.016053
SC,HERVAL DOESTE,HERVAL DOESTE - SC,75,16,59,21.333333,0.02189
SC,IBIRAMA,IBIRAMA - SC,279,66,213,23.655914,0.08143
SC,ICARA,ICARA - SC,387,91,296,23.514212,0.112952
SC,ILHOTA,ILHOTA - SC,155,44,111,28.387097,0.045239
SC,IMBITUBA,IMBITUBA - SC,648,179,469,27.623457,0.189129
SC,INDAIAL,INDAIAL - SC,803,267,536,33.250311,0.234368
SC,IRACEMINHA,IRACEMINHA - SC,100,34,66,34.0,0.029187
SC,IRANI,IRANI - SC,156,39,117,25.0,0.045531
SC,IRINEOPOLIS,IRINEOPOLIS - SC,78,29,49,37.179487,0.022765
SC,ITAIOPOLIS,ITAIOPOLIS - SC,89,27,62,30.337079,0.025976
SC,ITAJAI,ITAJAI - SC,1915,438,1477,22.872063,0.558922
SC,ITAPEMA,ITAPEMA - SC,1143,275,868,24.059493,0.333602
SC,JAGUARUNA,JAGUARUNA - SC,133,36,97,27.067669,0.038818
SC,JARAGUA DO SUL,JARAGUA DO SUL - SC,220,62,158,28.181818,0.06421
SC,JOACABA,JOACABA - SC,159,40,119,25.157233,0.046407
SC,JOINVILLE,JOINVILLE - SC,1425,202,1223,14.175439,0.415908
SC,LAGES,LAGES - SC,597,130,467,21.775544,0.174243
SC,LAGUNA,LAGUNA - SC,321,92,229,28.660436,0.093689
SC,LAURENTINO,LAURENTINO - SC,7,2,5,28.571429,0.002043
SC,LONTRAS,LONTRAS - SC,209,67,142,32.057416,0.061
SC,LUIZ ALVES,LUIZ ALVES - SC,2,1,1,50.0,0.000584
SC,MAFRA,MAFRA - SC,575,138,437,24.0,0.167822
SC,MARACAJA,MARACAJA - SC,146,44,102,30.136986,0.042612
SC,MARAVILHA,MARAVILHA - SC,135,47,88,34.814815,0.039402
SC,MONTE CASTELO,MONTE CASTELO - SC,196,55,141,28.061224,0.057206
SC,MORRO DA FUMACA,MORRO DA FUMACA - SC,2,0,2,0.0,0.000584
SC,NAVEGANTES,NAVEGANTES - SC,571,182,389,31.873905,0.166655
SC,NOVA ERECHIM,NOVA ERECHIM - SC,94,33,61,35.106383,0.027435
SC,NOVA ITABERABA,NOVA ITABERABA - SC,88,29,59,32.954545,0.025684
SC,OTACILIO COSTA,OTACILIO COSTA - SC,3,0,3,0.0,0.000876
SC,PALHOCA,PALHOCA - SC,2851,741,2110,25.99088,0.832107
SC,PALMA SOLA,PALMA SOLA - SC,1,1,0,100.0,0.000292
SC,PALMITOS,PALMITOS - SC,43,5,38,11.627907,0.01255
SC,PAPANDUVA,PAPANDUVA - SC,148,46,102,31.081081,0.043196
SC,PARAISO,PARAISO - SC,30,10,20,33.333333,0.008756
SC,PASSO DE TORRES,PASSO DE TORRES - SC,44,13,31,29.545455,0.012842
SC,PASSOS MAIA,PASSOS MAIA - SC,4,1,3,25.0,0.001167
SC,PAULO LOPES,PAULO LOPES - SC,273,73,200,26.739927,0.079679
SC,PENHA,PENHA - SC,278,61,217,21.942446,0.081139
SC,PESCARIA BRAVA,PESCARIA BRAVA - SC,179,52,127,29.050279,0.052244
SC,PINHALZINHO,PINHALZINHO - SC,184,56,128,30.434783,0.053703
SC,PONTE ALTA,PONTE ALTA - SC,177,41,136,23.163842,0.05166
SC,PONTE ALTA DO NORTE,PONTE ALTA DO NORTE - SC,48,11,37,22.916667,0.01401
SC,PONTE SERRADA,PONTE SERRADA - SC,232,72,160,31.034483,0.067713
SC,PORTO BELO,PORTO BELO - SC,439,113,326,25.740319,0.128129
SC,PORTO UNIAO,PORTO UNIAO - SC,80,23,57,28.75,0.023349
SC,POUSO REDONDO,POUSO REDONDO - SC,367,126,241,34.332425,0.107115
SC,RANCHO QUEIMADO,RANCHO QUEIMADO - SC,267,81,186,30.337079,0.077928
SC,RIO DO SUL,RIO DO SUL - SC,616,183,433,29.707792,0.179789
SC,RIO NEGRINHO,RIO NEGRINHO - SC,448,97,351,21.651786,0.130756
SC,RODEIO,RODEIO - SC,132,49,83,37.121212,0.038526
SC,SALETE,SALETE - SC,2,1,1,50.0,0.000584
SC,SANGAO,SANGAO - SC,274,65,209,23.722628,0.079971
SC,SANTA CECILIA,SANTA CECILIA - SC,243,51,192,20.987654,0.070923
SC,SANTA ROSA DO SUL,SANTA ROSA DO SUL - SC,137,41,96,29.927007,0.039986
SC,SANTO AMARO DA IMPERATRIZ,SANTO AMARO DA IMPERATRIZ - SC,247,80,167,32.388664,0.072091
SC,SAO BENTO DO SUL,SAO BENTO DO SUL - SC,200,43,157,21.5,0.058373
SC,SAO CRISTOVAO DO SUL,SAO CRISTOVAO DO SUL - SC,199,62,137,31.155779,0.058081
SC,SAO FRANCISCO DO SUL,SAO FRANCISCO DO SUL - SC,312,93,219,29.807692,0.091062
SC,SAO JOAO DO SUL,SAO JOAO DO SUL - SC,68,18,50,26.470588,0.019847
SC,SAO JOSE,SAO JOSE - SC,3629,707,2922,19.481951,1.059179
SC,SAO JOSE DO CEDRO,SAO JOSE DO CEDRO - SC,70,20,50,28.571429,0.020431
SC,SAO JOSE DO CERRITO,SAO JOSE DO CERRITO - SC,139,53,86,38.129496,0.040569
SC,SAO LOURENCO DO OESTE,SAO LOURENCO DO OESTE - SC,1,1,0,100.0,0.000292
SC,SAO MIGUEL DO OESTE,SAO MIGUEL DO OESTE - SC,514,114,400,22.178988,0.150019
SC,SAUDADES,SAUDADES - SC,61,19,42,31.147541,0.017804
SC,SOMBRIO,SOMBRIO - SC,249,68,181,27.309237,0.072674
SC,TAIO,TAIO - SC,1,0,1,0.0,0.000292
SC,TIJUCAS,TIJUCAS - SC,265,75,190,28.301887,0.077344
SC,TIMBE DO SUL,TIMBE DO SUL - SC,14,5,9,35.714286,0.004086
SC,TRES BARRAS,TRES BARRAS - SC,90,30,60,33.333333,0.026268
SC,TREZE DE MAIO,TREZE DE MAIO - SC,6,3,3,50.0,0.001751
SC,TROMBUDO CENTRAL,TROMBUDO CENTRAL - SC,120,42,78,35.0,0.035024
SC,TUBARAO,TUBARAO - SC,803,146,657,18.181818,0.234368
SC,VARGEAO,VARGEAO - SC,40,10,30,25.0,0.011675
SC,VARGEM,VARGEM - SC,80,29,51,36.25,0.023349
SC,VARGEM BONITA,VARGEM BONITA - SC,138,45,93,32.608696,0.040277
SC,XANXERE,XANXERE - SC,328,68,260,20.731707,0.095732
SC,XAXIM,XAXIM - SC,229,50,179,21.834061,0.066837
SE,ARACAJU,ARACAJU - SE,151,43,108,28.476821,0.044072
SE,AREIA BRANCA,AREIA BRANCA - SE,116,56,60,48.275862,0.033856
SE,BARRA DOS COQUEIROS,BARRA DOS COQUEIROS - SE,1,0,1,0.0,0.000292
SE,CAPELA,CAPELA - SE,63,16,47,25.396825,0.018388
SE,CARIRA,CARIRA - SE,52,29,23,55.769231,0.015177
SE,CARMOPOLIS,CARMOPOLIS - SE,28,11,17,39.285714,0.008172
SE,CEDRO DE SAO JOAO,CEDRO DE SAO JOAO - SE,41,11,30,26.829268,0.011966
SE,CRISTINAPOLIS,CRISTINAPOLIS - SE,102,36,66,35.294118,0.02977
SE,ESTANCIA,ESTANCIA - SE,201,65,136,32.338308,0.058665
SE,FREI PAULO,FREI PAULO - SE,53,28,25,52.830189,0.015469
SE,ITABAIANA,ITABAIANA - SE,420,161,259,38.333333,0.122583
SE,ITAPORANGA DAJUDA,ITAPORANGA DAJUDA - SE,96,30,66,31.25,0.028019
SE,JAPARATUBA,JAPARATUBA - SE,54,20,34,37.037037,0.015761
SE,LARANJEIRAS,LARANJEIRAS - SE,102,31,71,30.392157,0.02977
SE,MALHADA DOS BOIS,MALHADA DOS BOIS - SE,30,9,21,30.0,0.008756
SE,MARUIM,MARUIM - SE,108,20,88,18.518519,0.031521
SE,MURIBECA,MURIBECA - SE,27,8,19,29.62963,0.00788
SE,NOSSA SENHORA DO SOCORRO,NOSSA SENHORA DO SOCORRO - SE,666,170,496,25.525526,0.194382
SE,PROPRIA,PROPRIA - SE,31,12,19,38.709677,0.009048
SE,ROSARIO DO CATETE,ROSARIO DO CATETE - SE,65,20,45,30.769231,0.018971
SE,SANTA LUZIA DO ITANHY,SANTA LUZIA DO ITANHY - SE,55,26,29,47.272727,0.016053
SE,SAO CRISTOVAO,SAO CRISTOVAO - SE,169,54,115,31.952663,0.049325
SE,SAO FRANCISCO,SAO FRANCISCO - SE,31,9,22,29.032258,0.009048
SE,UMBAUBA,UMBAUBA - SE,83,39,44,46.987952,0.024225
SP,APARECIDA,APARECIDA - SP,335,79,256,23.58209,0.097775
SP,ARAMINA,ARAMINA - SP,1,0,1,0.0,0.000292
SP,ARUJA,ARUJA - SP,395,62,333,15.696203,0.115287
SP,ATIBAIA,ATIBAIA - SP,795,153,642,19.245283,0.232033
SP,BADY BASSITT,BADY BASSITT - SP,111,25,86,22.522523,0.032397
SP,BARRA DO TURVO,BARRA DO TURVO - SP,632,77,555,12.183544,0.184459
SP,BRAGANCA PAULISTA,BRAGANCA PAULISTA - SP,213,35,178,16.431925,0.062167
SP,CACAPAVA,CACAPAVA - SP,430,86,344,20.0,0.125502
SP,CACHOEIRA PAULISTA,CACHOEIRA PAULISTA - SP,155,31,124,20.0,0.045239
SP,CAJATI,CAJATI - SP,904,143,761,15.818584,0.263846
SP,CAMPINAS,CAMPINAS - SP,1,0,1,0.0,0.000292
SP,CAMPOS NOVOS PAULISTA,CAMPOS NOVOS PAULISTA - SP,15,5,10,33.333333,0.004378
SP,CANAS,CANAS - SP,86,23,63,26.744186,0.0251
SP,CASTILHO,CASTILHO - SP,25,12,13,48.0,0.007297
SP,CRUZEIRO,CRUZEIRO - SP,56,15,41,26.785714,0.016344
SP,CUNHA,CUNHA - SP,1,0,1,0.0,0.000292
SP,ELDORADO,ELDORADO - SP,1,0,1,0.0,0.000292
SP,EMBU DAS ARTES,EMBU DAS ARTES - SP,775,147,628,18.967742,0.226195
SP,FRANCO DA ROCHA,FRANCO DA ROCHA - SP,1,0,1,0.0,0.000292
SP,GETULINA,GETULINA - SP,29,2,27,6.896552,0.008464
SP,GUAICARA,GUAICARA - SP,48,9,39,18.75,0.01401
SP,GUAIMBE,GUAIMBE - SP,33,2,31,6.060606,0.009632
SP,GUARAREMA,GUARAREMA - SP,73,15,58,20.547945,0.021306
SP,GUARATINGUETA,GUARATINGUETA - SP,337,70,267,20.771513,0.098359
SP,GUARULHOS,GUARULHOS - SP,3914,571,3343,14.588656,1.14236
SP,ICEM,ICEM - SP,73,21,52,28.767123,0.021306
SP,ITAPECERICA DA SERRA,ITAPECERICA DA SERRA - SP,568,120,448,21.126761,0.165779
SP,JACAREI,JACAREI - SP,497,102,395,20.523139,0.145057
SP,JACI,JACI - SP,38,6,32,15.789474,0.011091
SP,JACUPIRANGA,JACUPIRANGA - SP,159,49,110,30.81761,0.046407
SP,JOSE BONIFACIO,JOSE BONIFACIO - SP,125,31,94,24.8,0.036483
SP,JUQUIA,JUQUIA - SP,180,28,152,15.555556,0.052536
SP,JUQUITIBA,JUQUITIBA - SP,414,99,315,23.913043,0.120832
SP,LAVRINHAS,LAVRINHAS - SP,113,27,86,23.893805,0.032981
SP,LINS,LINS - SP,36,7,29,19.444444,0.010507
SP,LORENA,LORENA - SP,319,75,244,23.510972,0.093105
SP,LUPERCIO,LUPERCIO - SP,2,0,2,0.0,0.000584
SP,MAIRIPORA,MAIRIPORA - SP,816,111,705,13.602941,0.238162
SP,MARILIA,MARILIA - SP,125,19,106,15.2,0.036483
SP,MIRACATU,MIRACATU - SP,783,153,630,19.54023,0.22853
SP,MIRASSOL,MIRASSOL - SP,42,10,32,23.809524,0.012258
SP,NOVA GRANADA,NOVA GRANADA - SP,121,22,99,18.181818,0.035316
SP,OCAUCU,OCAUCU - SP,74,12,62,16.216216,0.021598
SP,ONDA VERDE,ONDA VERDE - SP,99,28,71,28.282828,0.028895
SP,OURINHOS,OURINHOS - SP,26,1,25,3.846154,0.007588
SP,PARIQUERA-ACU,PARIQUERA-ACU - SP,81,28,53,34.567901,0.023641
SP,PAULICEIA,PAULICEIA - SP,10,5,5,50.0,0.002919
SP,PEDRO DE TOLEDO,PEDRO DE TOLEDO - SP,3,0,3,0.0,0.000876
SP,PINDAMONHANGABA,PINDAMONHANGABA - SP,509,122,387,23.968566,0.148559
SP,PIQUETE,PIQUETE - SP,61,12,49,19.672131,0.017804
SP,PROMISSAO,PROMISSAO - SP,83,22,61,26.506024,0.024225
SP,QUELUZ,QUELUZ - SP,100,23,77,23.0,0.029187
SP,REGISTRO,REGISTRO - SP,453,99,354,21.854305,0.132215
SP,RIBEIRAO DO SUL,RIBEIRAO DO SUL - SP,13,6,7,46.153846,0.003794
SP,ROSEIRA,ROSEIRA - SP,131,28,103,21.374046,0.038234
SP,RUBINEIA,RUBINEIA - SP,1,0,1,0.0,0.000292
SP,SALTO GRANDE,SALTO GRANDE - SP,24,8,16,33.333333,0.007005
SP,SANTA CRUZ DO RIO PARDO,SANTA CRUZ DO RIO PARDO - SP,1,0,1,0.0,0.000292
SP,SANTA ISABEL,SANTA ISABEL - SP,251,44,207,17.52988,0.073258
SP,SANTA MERCEDES,SANTA MERCEDES - SP,1,0,1,0.0,0.000292
SP,SAO JOSE DO RIO PRETO,SAO JOSE DO RIO PRETO - SP,922,122,800,13.232104,0.2691
SP,SAO JOSE DOS CAMPOS,SAO JOSE DOS CAMPOS - SP,1758,351,1407,19.96587,0.513099
SP,SAO LOURENCO DA SERRA,SAO LOURENCO DA SERRA - SP,329,74,255,22.492401,0.096024
SP,SAO PAULO,SAO PAULO - SP,1660,347,1313,20.903614,0.484496
SP,SAO PEDRO DO TURVO,SAO PEDRO DO TURVO - SP,24,3,21,12.5,0.007005
SP,SILVEIRAS,SILVEIRAS - SP,27,8,19,29.62963,0.00788
SP,TABOAO DA SERRA,TABOAO DA SERRA - SP,532,108,424,20.300752,0.155272
SP,TAUBATE,TAUBATE - SP,826,151,675,18.280872,0.241081
SP,UBARANA,UBARANA - SP,49,13,36,26.530612,0.014301
SP,UBATUBA,UBATUBA - SP,1027,201,826,19.571568,0.299745
SP,URUPES,URUPES - SP,1,0,1,0.0,0.000292
SP,VARGEM,VARGEM - SP,146,30,116,20.547945,0.042612
SP,VERA CRUZ,VERA CRUZ - SP,6,0,6,0.0,0.001751
TO,AGUIARNOPOLIS,AGUIARNOPOLIS - TO,35,14,21,40.0,0.010215
TO,ALIANCA DO TOCANTINS,ALIANCA DO TOCANTINS - TO,88,28,60,31.818182,0.025684
TO,ALVORADA,ALVORADA - TO,81,23,58,28.395062,0.023641
TO,APARECIDA DO RIO NEGRO,APARECIDA DO RIO NEGRO - TO,9,3,6,33.333333,0.002627
TO,ARAGUAINA,ARAGUAINA - TO,503,137,366,27.236581,0.146808
TO,ARAGUATINS,ARAGUATINS - TO,19,8,11,42.105263,0.005545
TO,BARROLANDIA,BARROLANDIA - TO,42,11,31,26.190476,0.012258
TO,BRASILANDIA DO TOCANTINS,BRASILANDIA DO TOCANTINS - TO,26,13,13,50.0,0.007588
TO,CACHOEIRINHA,CACHOEIRINHA - TO,12,6,6,50.0,0.003502
TO,CARIRI DO TOCANTINS,CARIRI DO TOCANTINS - TO,128,48,80,37.5,0.037359
TO,COLINAS DO TOCANTINS,COLINAS DO TOCANTINS - TO,120,48,72,40.0,0.035024
TO,CRIXAS DO TOCANTINS,CRIXAS DO TOCANTINS - TO,20,9,11,45.0,0.005837
TO,DARCINOPOLIS,DARCINOPOLIS - TO,49,20,29,40.816327,0.014301
TO,DUERE,DUERE - TO,18,5,13,27.777778,0.005254
TO,FATIMA,FATIMA - TO,35,18,17,51.428571,0.010215
TO,FIGUEIROPOLIS,FIGUEIROPOLIS - TO,52,17,35,32.692308,0.015177
TO,FORMOSO DO ARAGUAIA,FORMOSO DO ARAGUAIA - TO,48,27,21,56.25,0.01401
TO,FORTALEZA DO TABOCAO,FORTALEZA DO TABOCAO - TO,83,34,49,40.963855,0.024225
TO,GUARAI,GUARAI - TO,231,74,157,32.034632,0.067421
TO,GURUPI,GURUPI - TO,182,61,121,33.516484,0.053119
TO,LUZINOPOLIS,LUZINOPOLIS - TO,12,8,4,66.666667,0.003502
TO,MIRACEMA DO TOCANTINS,MIRACEMA DO TOCANTINS - TO,29,13,16,44.827586,0.008464
TO,MIRANORTE,MIRANORTE - TO,62,27,35,43.548387,0.018096
TO,NATIVIDADE,NATIVIDADE - TO,3,1,2,33.333333,0.000876
TO,NAZARE,NAZARE - TO,15,8,7,53.333333,0.004378
TO,NOVA OLINDA,NOVA OLINDA - TO,85,32,53,37.647059,0.024809
TO,NOVA ROSALANDIA,NOVA ROSALANDIA - TO,20,6,14,30.0,0.005837
TO,OLIVEIRA DE FATIMA,OLIVEIRA DE FATIMA - TO,13,6,7,46.153846,0.003794
TO,PALMAS,PALMAS - TO,334,111,223,33.233533,0.097483
TO,PALMEIRANTE,PALMEIRANTE - TO,3,3,0,100.0,0.000876
TO,PALMEIRAS DO TOCANTINS,PALMEIRAS DO TOCANTINS - TO,70,24,46,34.285714,0.020431
TO,PARAISO DO TOCANTINS,PARAISO DO TOCANTINS - TO,229,83,146,36.244541,0.066837
TO,PARANA,PARANA - TO,3,3,0,100.0,0.000876
TO,PEDRO AFONSO,PEDRO AFONSO - TO,4,3,1,75.0,0.001167
TO,PEIXE,PEIXE - TO,53,26,27,49.056604,0.015469
TO,PIRAQUE,PIRAQUE - TO,4,4,0,100.0,0.001167
TO,PORTO NACIONAL,PORTO NACIONAL - TO,6,2,4,33.333333,0.001751
TO,PRESIDENTE KENNEDY,PRESIDENTE KENNEDY - TO,34,17,17,50.0,0.009923
TO,PUGMIL,PUGMIL - TO,37,12,25,32.432432,0.010799
TO,RIO DOS BOIS,RIO DOS BOIS - TO,53,20,33,37.735849,0.015469
TO,SANTA RITA DO TOCANTINS,SANTA RITA DO TOCANTINS - TO,30,18,12,60.0,0.008756
TO,SANTA ROSA DO TOCANTINS,SANTA ROSA DO TOCANTINS - TO,1,0,1,0.0,0.000292
TO,SANTA TEREZINHA DO TOCANTINS,SANTA TEREZINHA DO TOCANTINS - TO,2,2,0,100.0,0.000584
TO,SAO BENTO DO TOCANTINS,SAO BENTO DO TOCANTINS - TO,14,7,7,50.0,0.004086
TO,SILVANOPOLIS,SILVANOPOLIS - TO,1,1,0,100.0,0.000292
TO,TAGUATINGA,TAGUATINGA - TO,1,1,0,100.0,0.000292
TO,TALISMA,TALISMA - TO,49,17,32,34.693878,0.014301
TO,TUPIRAMA,TUPIRAMA - TO,17,12,5,70.588235,0.004962
TO,WANDERLANDIA,WANDERLANDIA - TO,124,49,75,39.516129,0.036191
TO,XAMBIOA,XAMBIOA - TO,20,12,8,60.0,0.005837
